Week,Time,Away,Home
1,8:20PM,Detroit Lions_2023,Kansas City Chiefs_2023
1,1:00PM,Carolina Panthers_2023,Atlanta Falcons_2023
1,1:00PM,Cincinnati Bengals_2023,Cleveland Browns_2023
1,1:00PM,Jacksonville Jaguars_2023,Indianapolis Colts_2023
1,1:00PM,Arizona Cardinals_2023,Washington Commanders_2023
1,1:00PM,Houston Texans_2023,Baltimore Ravens_2023
1,1:00PM,Tampa Bay Buccaneers_2023,Minnesota Vikings_2023
1,1:00PM,Tennessee Titans_2023,New Orleans Saints_2023
1,1:00PM,San Francisco 49ers_2023,Pittsburgh Steelers_2023
1,4:25PM,Green Bay Packers_2023,Chicago Bears_2023
1,4:25PM,Las Vegas Raiders_2023,Denver Broncos_2023
1,4:25PM,Miami Dolphins_2023,Los Angeles Chargers_2023
1,4:25PM,Philadelphia Eagles_2023,New England Patriots_2023
1,4:25PM,Los Angeles Rams_2023,Seattle Seahawks_2023
1,8:20PM,Dallas Cowboys_2023,New York Giants_2023
1,8:15PM,Buffalo Bills_2023,New York Jets_2023
2,8:15PM,Minnesota Vikings_2023,Philadelphia Eagles_2023
2,1:00PM,Green Bay Packers_2023,Atlanta Falcons_2023
2,1:00PM,Las Vegas Raiders_2023,Buffalo Bills_2023
2,1:00PM,Chicago Bears_2023,Tampa Bay Buccaneers_2023
2,1:00PM,Baltimore Ravens_2023,Cincinnati Bengals_2023
2,1:00PM,Indianapolis Colts_2023,Houston Texans_2023
2,1:00PM,Seattle Seahawks_2023,Detroit Lions_2023
2,1:00PM,Kansas City Chiefs_2023,Jacksonville Jaguars_2023
2,1:00PM,Los Angeles Chargers_2023,Tennessee Titans_2023
2,4:05PM,New York Giants_2023,Arizona Cardinals_2023
2,4:05PM,San Francisco 49ers_2023,Los Angeles Rams_2023
2,4:25PM,New York Jets_2023,Dallas Cowboys_2023
2,4:25PM,Washington Commanders_2023,Denver Broncos_2023
2,8:20PM,Miami Dolphins_2023,New England Patriots_2023
2,7:15PM,New Orleans Saints_2023,Carolina Panthers_2023
2,8:15PM,Cleveland Browns_2023,Pittsburgh Steelers_2023
3,8:15PM,New York Giants_2023,San Francisco 49ers_2023
3,1:00PM,Atlanta Falcons_2023,Detroit Lions_2023
3,1:00PM,Buffalo Bills_2023,Washington Commanders_2023
3,1:00PM,Tennessee Titans_2023,Cleveland Browns_2023
3,1:00PM,Indianapolis Colts_2023,Baltimore Ravens_2023
3,1:00PM,Denver Broncos_2023,Miami Dolphins_2023
3,1:00PM,New Orleans Saints_2023,Green Bay Packers_2023
3,1:00PM,Houston Texans_2023,Jacksonville Jaguars_2023
3,1:00PM,Los Angeles Chargers_2023,Minnesota Vikings_2023
3,1:00PM,New England Patriots_2023,New York Jets_2023
3,4:05PM,Carolina Panthers_2023,Seattle Seahawks_2023
3,4:25PM,Chicago Bears_2023,Kansas City Chiefs_2023
3,4:25PM,Dallas Cowboys_2023,Arizona Cardinals_2023
3,8:20PM,Pittsburgh Steelers_2023,Las Vegas Raiders_2023
3,7:15PM,Philadelphia Eagles_2023,Tampa Bay Buccaneers_2023
3,8:15PM,Los Angeles Rams_2023,Cincinnati Bengals_2023
4,8:15PM,Detroit Lions_2023,Green Bay Packers_2023
4,9:30AM,Atlanta Falcons_2023,Jacksonville Jaguars_2023
4,1:00PM,Miami Dolphins_2023,Buffalo Bills_2023
4,1:00PM,Minnesota Vikings_2023,Carolina Panthers_2023
4,1:00PM,Denver Broncos_2023,Chicago Bears_2023
4,1:00PM,Cincinnati Bengals_2023,Tennessee Titans_2023
4,1:00PM,Baltimore Ravens_2023,Cleveland Browns_2023
4,1:00PM,Los Angeles Rams_2023,Indianapolis Colts_2023
4,1:00PM,Pittsburgh Steelers_2023,Houston Texans_2023
4,1:00PM,Tampa Bay Buccaneers_2023,New Orleans Saints_2023
4,1:00PM,Washington Commanders_2023,Philadelphia Eagles_2023
4,4:05PM,Las Vegas Raiders_2023,Los Angeles Chargers_2023
4,4:25PM,Arizona Cardinals_2023,San Francisco 49ers_2023
4,4:25PM,New England Patriots_2023,Dallas Cowboys_2023
4,8:20PM,Kansas City Chiefs_2023,New York Jets_2023
4,8:15PM,Seattle Seahawks_2023,New York Giants_2023
5,8:15PM,Chicago Bears_2023,Washington Commanders_2023
5,9:30AM,Jacksonville Jaguars_2023,Buffalo Bills_2023
5,1:00PM,Houston Texans_2023,Atlanta Falcons_2023
5,1:00PM,Carolina Panthers_2023,Detroit Lions_2023
5,1:00PM,Tennessee Titans_2023,Indianapolis Colts_2023
5,1:00PM,New York Giants_2023,Miami Dolphins_2023
5,1:00PM,New Orleans Saints_2023,New England Patriots_2023
5,1:00PM,Baltimore Ravens_2023,Pittsburgh Steelers_2023
5,4:05PM,Cincinnati Bengals_2023,Arizona Cardinals_2023
5,4:05PM,Philadelphia Eagles_2023,Los Angeles Rams_2023
5,4:25PM,New York Jets_2023,Denver Broncos_2023
5,4:25PM,Kansas City Chiefs_2023,Minnesota Vikings_2023
5,8:20PM,Dallas Cowboys_2023,San Francisco 49ers_2023
5,8:15PM,Green Bay Packers_2023,Las Vegas Raiders_2023
6,8:15PM,Denver Broncos_2023,Kansas City Chiefs_2023
6,9:30AM,Baltimore Ravens_2023,Tennessee Titans_2023
6,1:00PM,San Francisco 49ers_2023,Cleveland Browns_2023
6,1:00PM,Washington Commanders_2023,Atlanta Falcons_2023
6,1:00PM,Carolina Panthers_2023,Miami Dolphins_2023
6,1:00PM,Minnesota Vikings_2023,Chicago Bears_2023
6,1:00PM,Seattle Seahawks_2023,Cincinnati Bengals_2023
6,1:00PM,Indianapolis Colts_2023,Jacksonville Jaguars_2023
6,1:00PM,New Orleans Saints_2023,Houston Texans_2023
6,4:05PM,New England Patriots_2023,Las Vegas Raiders_2023
6,4:25PM,Arizona Cardinals_2023,Los Angeles Rams_2023
6,4:25PM,Detroit Lions_2023,Tampa Bay Buccaneers_2023
6,4:25PM,Philadelphia Eagles_2023,New York Jets_2023
6,8:20PM,New York Giants_2023,Buffalo Bills_2023
6,8:15PM,Dallas Cowboys_2023,Los Angeles Chargers_2023
7,8:15PM,Jacksonville Jaguars_2023,New Orleans Saints_2023
7,1:00PM,Cleveland Browns_2023,Indianapolis Colts_2023
7,1:00PM,Atlanta Falcons_2023,Tampa Bay Buccaneers_2023
7,1:00PM,Buffalo Bills_2023,New England Patriots_2023
7,1:00PM,Las Vegas Raiders_2023,Chicago Bears_2023
7,1:00PM,Detroit Lions_2023,Baltimore Ravens_2023
7,1:00PM,Washington Commanders_2023,New York Giants_2023
7,4:05PM,Pittsburgh Steelers_2023,Los Angeles Rams_2023
7,4:05PM,Arizona Cardinals_2023,Seattle Seahawks_2023
7,4:25PM,Green Bay Packers_2023,Denver Broncos_2023
7,4:25PM,Los Angeles Chargers_2023,Kansas City Chiefs_2023
7,8:20PM,Miami Dolphins_2023,Philadelphia Eagles_2023
7,8:15PM,San Francisco 49ers_2023,Minnesota Vikings_2023
8,8:15PM,Tampa Bay Buccaneers_2023,Buffalo Bills_2023
8,1:00PM,Houston Texans_2023,Carolina Panthers_2023
8,1:00PM,Los Angeles Rams_2023,Dallas Cowboys_2023
8,1:00PM,Minnesota Vikings_2023,Green Bay Packers_2023
8,1:00PM,Atlanta Falcons_2023,Tennessee Titans_2023
8,1:00PM,New Orleans Saints_2023,Indianapolis Colts_2023
8,1:00PM,Jacksonville Jaguars_2023,Pittsburgh Steelers_2023
8,1:00PM,New England Patriots_2023,Miami Dolphins_2023
8,1:00PM,New York Jets_2023,New York Giants_2023
8,1:00PM,Philadelphia Eagles_2023,Washington Commanders_2023
8,4:05PM,Cleveland Browns_2023,Seattle Seahawks_2023
8,4:25PM,Cincinnati Bengals_2023,San Francisco 49ers_2023
8,4:25PM,Baltimore Ravens_2023,Arizona Cardinals_2023
8,4:25PM,Kansas City Chiefs_2023,Denver Broncos_2023
8,8:20PM,Chicago Bears_2023,Los Angeles Chargers_2023
8,8:15PM,Las Vegas Raiders_2023,Detroit Lions_2023
9,8:15PM,Tennessee Titans_2023,Pittsburgh Steelers_2023
9,9:30AM,Miami Dolphins_2023,Kansas City Chiefs_2023
9,1:00PM,Arizona Cardinals_2023,Cleveland Browns_2023
9,1:00PM,Los Angeles Rams_2023,Green Bay Packers_2023
9,1:00PM,Tampa Bay Buccaneers_2023,Houston Texans_2023
9,1:00PM,Minnesota Vikings_2023,Atlanta Falcons_2023
9,1:00PM,Chicago Bears_2023,New Orleans Saints_2023
9,1:00PM,Washington Commanders_2023,New England Patriots_2023
9,1:00PM,Seattle Seahawks_2023,Baltimore Ravens_2023
9,4:05PM,Indianapolis Colts_2023,Carolina Panthers_2023
9,4:25PM,Dallas Cowboys_2023,Philadelphia Eagles_2023
9,4:25PM,New York Giants_2023,Las Vegas Raiders_2023
9,8:20PM,Buffalo Bills_2023,Cincinnati Bengals_2023
9,8:15PM,Los Angeles Chargers_2023,New York Jets_2023
10,8:15PM,Carolina Panthers_2023,Chicago Bears_2023
10,9:30AM,Indianapolis Colts_2023,New England Patriots_2023
10,1:00PM,Cleveland Browns_2023,Baltimore Ravens_2023
10,1:00PM,Green Bay Packers_2023,Pittsburgh Steelers_2023
10,1:00PM,Houston Texans_2023,Cincinnati Bengals_2023
10,1:00PM,New Orleans Saints_2023,Minnesota Vikings_2023
10,1:00PM,Tennessee Titans_2023,Tampa Bay Buccaneers_2023
10,1:00PM,San Francisco 49ers_2023,Jacksonville Jaguars_2023
10,4:05PM,Atlanta Falcons_2023,Arizona Cardinals_2023
10,4:05PM,Detroit Lions_2023,Los Angeles Chargers_2023
10,4:25PM,New York Giants_2023,Dallas Cowboys_2023
10,4:25PM,Washington Commanders_2023,Seattle Seahawks_2023
10,8:20PM,New York Jets_2023,Las Vegas Raiders_2023
10,8:15PM,Denver Broncos_2023,Buffalo Bills_2023
11,8:15PM,Cincinnati Bengals_2023,Baltimore Ravens_2023
11,1:00PM,Chicago Bears_2023,Detroit Lions_2023
11,1:00PM,Arizona Cardinals_2023,Houston Texans_2023
11,1:00PM,Dallas Cowboys_2023,Carolina Panthers_2023
11,1:00PM,New York Giants_2023,Washington Commanders_2023
11,1:00PM,Tennessee Titans_2023,Jacksonville Jaguars_2023
11,1:00PM,Pittsburgh Steelers_2023,Cleveland Browns_2023
11,1:00PM,Las Vegas Raiders_2023,Miami Dolphins_2023
11,1:00PM,Los Angeles Chargers_2023,Green Bay Packers_2023
11,4:05PM,Tampa Bay Buccaneers_2023,San Francisco 49ers_2023
11,4:25PM,New York Jets_2023,Buffalo Bills_2023
11,4:25PM,Seattle Seahawks_2023,Los Angeles Rams_2023
11,8:20PM,Minnesota Vikings_2023,Denver Broncos_2023
11,8:15PM,Philadelphia Eagles_2023,Kansas City Chiefs_2023
12,12:30PM,Green Bay Packers_2023,Detroit Lions_2023
12,4:30PM,Washington Commanders_2023,Dallas Cowboys_2023
12,8:20PM,San Francisco 49ers_2023,Seattle Seahawks_2023
12,3:00PM,Miami Dolphins_2023,New York Jets_2023
12,1:00PM,Carolina Panthers_2023,Tennessee Titans_2023
12,1:00PM,Jacksonville Jaguars_2023,Houston Texans_2023
12,1:00PM,New Orleans Saints_2023,Atlanta Falcons_2023
12,1:00PM,New England Patriots_2023,New York Giants_2023
12,1:00PM,Pittsburgh Steelers_2023,Cincinnati Bengals_2023
12,1:00PM,Tampa Bay Buccaneers_2023,Indianapolis Colts_2023
12,4:05PM,Cleveland Browns_2023,Denver Broncos_2023
12,4:05PM,Los Angeles Rams_2023,Arizona Cardinals_2023
12,4:25PM,Buffalo Bills_2023,Philadelphia Eagles_2023
12,4:25PM,Kansas City Chiefs_2023,Las Vegas Raiders_2023
12,8:20PM,Baltimore Ravens_2023,Los Angeles Chargers_2023
12,8:15PM,Chicago Bears_2023,Minnesota Vikings_2023
13,8:15PM,Seattle Seahawks_2023,Dallas Cowboys_2023
13,1:00PM,Atlanta Falcons_2023,New York Jets_2023
13,1:00PM,Carolina Panthers_2023,Tampa Bay Buccaneers_2023
13,1:00PM,Indianapolis Colts_2023,Tennessee Titans_2023
13,1:00PM,Arizona Cardinals_2023,Pittsburgh Steelers_2023
13,1:00PM,Detroit Lions_2023,New Orleans Saints_2023
13,1:00PM,Miami Dolphins_2023,Washington Commanders_2023
13,1:00PM,Los Angeles Chargers_2023,New England Patriots_2023
13,4:05PM,Denver Broncos_2023,Houston Texans_2023
13,4:25PM,Cleveland Browns_2023,Los Angeles Rams_2023
13,4:25PM,San Francisco 49ers_2023,Philadelphia Eagles_2023
13,8:20PM,Kansas City Chiefs_2023,Green Bay Packers_2023
13,8:15PM,Cincinnati Bengals_2023,Jacksonville Jaguars_2023
14,8:15PM,New England Patriots_2023,Pittsburgh Steelers_2023
14,1:00PM,Carolina Panthers_2023,New Orleans Saints_2023
14,1:00PM,Indianapolis Colts_2023,Cincinnati Bengals_2023
14,1:00PM,Detroit Lions_2023,Chicago Bears_2023
14,1:00PM,Houston Texans_2023,New York Jets_2023
14,1:00PM,Jacksonville Jaguars_2023,Cleveland Browns_2023
14,1:00PM,Los Angeles Rams_2023,Baltimore Ravens_2023
14,1:00PM,Tampa Bay Buccaneers_2023,Atlanta Falcons_2023
14,4:05PM,Minnesota Vikings_2023,Las Vegas Raiders_2023
14,4:05PM,Seattle Seahawks_2023,San Francisco 49ers_2023
14,4:25PM,Buffalo Bills_2023,Kansas City Chiefs_2023
14,4:25PM,Denver Broncos_2023,Los Angeles Chargers_2023
14,8:20PM,Philadelphia Eagles_2023,Dallas Cowboys_2023
14,8:15PM,Green Bay Packers_2023,New York Giants_2023
14,8:15PM,Tennessee Titans_2023,Miami Dolphins_2023
15,8:15PM,Los Angeles Chargers_2023,Las Vegas Raiders_2023
15,1:00PM,Atlanta Falcons_2023,Carolina Panthers_2023
15,1:00PM,Chicago Bears_2023,Cleveland Browns_2023
15,1:00PM,Denver Broncos_2023,Detroit Lions_2023
15,1:00PM,Houston Texans_2023,Tennessee Titans_2023
15,1:00PM,Minnesota Vikings_2023,Cincinnati Bengals_2023
15,1:00PM,New York Giants_2023,New Orleans Saints_2023
15,1:00PM,New York Jets_2023,Miami Dolphins_2023
15,1:00PM,Pittsburgh Steelers_2023,Indianapolis Colts_2023
15,1:00PM,Tampa Bay Buccaneers_2023,Green Bay Packers_2023
15,4:05PM,San Francisco 49ers_2023,Arizona Cardinals_2023
15,4:05PM,Washington Commanders_2023,Los Angeles Rams_2023
15,4:25PM,Dallas Cowboys_2023,Buffalo Bills_2023
15,4:25PM,Philadelphia Eagles_2023,Seattle Seahawks_2023
15,8:20PM,Baltimore Ravens_2023,Jacksonville Jaguars_2023
15,8:15PM,Kansas City Chiefs_2023,New England Patriots_2023
16,8:15PM,New Orleans Saints_2023,Los Angeles Rams_2023
16,4:30PM,Cincinnati Bengals_2023,Pittsburgh Steelers_2023
16,8:00PM,Buffalo Bills_2023,Los Angeles Chargers_2023
16,1:00PM,Cleveland Browns_2023,Houston Texans_2023
16,1:00PM,Indianapolis Colts_2023,Atlanta Falcons_2023
16,1:00PM,Detroit Lions_2023,Minnesota Vikings_2023
16,1:00PM,Green Bay Packers_2023,Carolina Panthers_2023
16,1:00PM,Seattle Seahawks_2023,Tennessee Titans_2023
16,1:00PM,Washington Commanders_2023,New York Jets_2023
16,4:05PM,Jacksonville Jaguars_2023,Tampa Bay Buccaneers_2023
16,4:25PM,Arizona Cardinals_2023,Chicago Bears_2023
16,4:25PM,Dallas Cowboys_2023,Miami Dolphins_2023
16,8:15PM,New England Patriots_2023,Denver Broncos_2023
16,1:00PM,Las Vegas Raiders_2023,Kansas City Chiefs_2023
16,4:30PM,New York Giants_2023,Philadelphia Eagles_2023
16,8:15PM,Baltimore Ravens_2023,San Francisco 49ers_2023
17,8:15PM,New York Jets_2023,Cleveland Browns_2023
17,8:15PM,Detroit Lions_2023,Dallas Cowboys_2023
17,1:00PM,Atlanta Falcons_2023,Chicago Bears_2023
17,1:00PM,Carolina Panthers_2023,Jacksonville Jaguars_2023
17,1:00PM,Arizona Cardinals_2023,Philadelphia Eagles_2023
17,1:00PM,Miami Dolphins_2023,Baltimore Ravens_2023
17,1:00PM,New Orleans Saints_2023,Tampa Bay Buccaneers_2023
17,1:00PM,New England Patriots_2023,Buffalo Bills_2023
17,1:00PM,Tennessee Titans_2023,Houston Texans_2023
17,1:00PM,Las Vegas Raiders_2023,Indianapolis Colts_2023
17,1:00PM,Los Angeles Rams_2023,New York Giants_2023
17,1:00PM,San Francisco 49ers_2023,Washington Commanders_2023
17,4:05PM,Pittsburgh Steelers_2023,Seattle Seahawks_2023
17,4:25PM,Cincinnati Bengals_2023,Kansas City Chiefs_2023
17,4:25PM,Los Angeles Chargers_2023,Denver Broncos_2023
17,8:20PM,Green Bay Packers_2023,Minnesota Vikings_2023
18,1:00PM,Atlanta Falcons_2023,New Orleans Saints_2023
18,1:00PM,Buffalo Bills_2023,Miami Dolphins_2023
18,1:00PM,Chicago Bears_2023,Green Bay Packers_2023
18,1:00PM,Cleveland Browns_2023,Cincinnati Bengals_2023
18,1:00PM,Dallas Cowboys_2023,Washington Commanders_2023
18,1:00PM,Denver Broncos_2023,Las Vegas Raiders_2023
18,1:00PM,Houston Texans_2023,Indianapolis Colts_2023
18,1:00PM,Jacksonville Jaguars_2023,Tennessee Titans_2023
18,1:00PM,Kansas City Chiefs_2023,Los Angeles Chargers_2023
18,1:00PM,Minnesota Vikings_2023,Detroit Lions_2023
18,1:00PM,New York Jets_2023,New England Patriots_2023
18,1:00PM,Philadelphia Eagles_2023,New York Giants_2023
18,1:00PM,Pittsburgh Steelers_2023,Baltimore Ravens_2023
18,1:00PM,Los Angeles Rams_2023,San Francisco 49ers_2023
18,1:00PM,Seattle Seahawks_2023,Arizona Cardinals_2023
18,1:00PM,Tampa Bay Buccaneers_2023,Carolina Panthers_2023
19,WC,Cleveland Browns_2023,Houston Texans_2023
19,WC,Pittsburgh Steelers_2023,Buffalo Bills_2023
19,WC,Los Angeles Rams_2023,Detroit Lions_2023
19,WC,Miami Dolphins_2023,Kansas City Chiefs_2023
19,WC,Green Bay Packers_2023,Dallas Cowboys_2023
19,WC,Philadelphia Eagles_2023,Tampa Bay Buccaneers_2023
20,Div,Houston Texans_2023,Baltimore Ravens_2023
20,Div,Green Bay Packers_2023,San Francisco 49ers_2023
20,Div,Tampa Bay Buccaneers_2023,Detroit Lions_2023
20,Div,Kansas City Chiefs_2023,Buffalo Bills_2023
21,Champ,Kansas City Chiefs_2023,Baltimore Ravens_2023
21,Champ,Detroit Lions_2023,San Francisco 49ers_2023
22,SB,San Francisco 49ers_2023,Kansas City Chiefs_2023
22,SB,Kansas City Chiefs_2023,San Francisco 49ers_2023