,Week,Time,Home,Away
0,99,1:00,Detroit Lions_2024,Chicago Bears_2024
1,99,1:00,Detroit Lions_2024,Minnesota Vikings_2024
2,99,1:00,Detroit Lions_2024,Green Bay Packers_2024
3,99,1:00,Detroit Lions_2024,New York Giants_2024
4,99,1:00,Detroit Lions_2024,Philadelphia Eagles_2024
5,99,1:00,Detroit Lions_2024,Dallas Cowboys_2024
6,99,1:00,Detroit Lions_2024,Washington Commanders_2024
7,99,1:00,Detroit Lions_2024,San Francisco 49ers_2024
8,99,1:00,Detroit Lions_2024,Seattle Seahawks_2024
9,99,1:00,Detroit Lions_2024,Los Angeles Rams_2024
10,99,1:00,Detroit Lions_2024,Arizona Cardinals_2024
11,99,1:00,Detroit Lions_2024,Tampa Bay Buccaneers_2024
12,99,1:00,Detroit Lions_2024,New Orleans Saints_2024
13,99,1:00,Detroit Lions_2024,Carolina Panthers_2024
14,99,1:00,Detroit Lions_2024,Atlanta Falcons_2024
15,99,1:00,Detroit Lions_2024,Kansas City Chiefs_2024
16,99,1:00,Detroit Lions_2024,Los Angeles Chargers_2024
17,99,1:00,Detroit Lions_2024,Denver Broncos_2024
18,99,1:00,Detroit Lions_2024,Las Vegas Raiders_2024
19,99,1:00,Detroit Lions_2024,Buffalo Bills_2024
20,99,1:00,Detroit Lions_2024,Miami Dolphins_2024
21,99,1:00,Detroit Lions_2024,New England Patriots_2024
22,99,1:00,Detroit Lions_2024,New York Jets_2024
23,99,1:00,Detroit Lions_2024,Baltimore Ravens_2024
24,99,1:00,Detroit Lions_2024,Cincinnati Bengals_2024
25,99,1:00,Detroit Lions_2024,Cleveland Browns_2024
26,99,1:00,Detroit Lions_2024,Pittsburgh Steelers_2024
27,99,1:00,Detroit Lions_2024,Tennessee Titans_2024
28,99,1:00,Detroit Lions_2024,Indianapolis Colts_2024
29,99,1:00,Detroit Lions_2024,Jacksonville Jaguars_2024
30,99,1:00,Detroit Lions_2024,Houston Texans_2024
31,99,1:00,Chicago Bears_2024,Detroit Lions_2024
32,99,1:00,Chicago Bears_2024,Minnesota Vikings_2024
33,99,1:00,Chicago Bears_2024,Green Bay Packers_2024
34,99,1:00,Chicago Bears_2024,New York Giants_2024
35,99,1:00,Chicago Bears_2024,Philadelphia Eagles_2024
36,99,1:00,Chicago Bears_2024,Dallas Cowboys_2024
37,99,1:00,Chicago Bears_2024,Washington Commanders_2024
38,99,1:00,Chicago Bears_2024,San Francisco 49ers_2024
39,99,1:00,Chicago Bears_2024,Seattle Seahawks_2024
40,99,1:00,Chicago Bears_2024,Los Angeles Rams_2024
41,99,1:00,Chicago Bears_2024,Arizona Cardinals_2024
42,99,1:00,Chicago Bears_2024,Tampa Bay Buccaneers_2024
43,99,1:00,Chicago Bears_2024,New Orleans Saints_2024
44,99,1:00,Chicago Bears_2024,Carolina Panthers_2024
45,99,1:00,Chicago Bears_2024,Atlanta Falcons_2024
46,99,1:00,Chicago Bears_2024,Kansas City Chiefs_2024
47,99,1:00,Chicago Bears_2024,Los Angeles Chargers_2024
48,99,1:00,Chicago Bears_2024,Denver Broncos_2024
49,99,1:00,Chicago Bears_2024,Las Vegas Raiders_2024
50,99,1:00,Chicago Bears_2024,Buffalo Bills_2024
51,99,1:00,Chicago Bears_2024,Miami Dolphins_2024
52,99,1:00,Chicago Bears_2024,New England Patriots_2024
53,99,1:00,Chicago Bears_2024,New York Jets_2024
54,99,1:00,Chicago Bears_2024,Baltimore Ravens_2024
55,99,1:00,Chicago Bears_2024,Cincinnati Bengals_2024
56,99,1:00,Chicago Bears_2024,Cleveland Browns_2024
57,99,1:00,Chicago Bears_2024,Pittsburgh Steelers_2024
58,99,1:00,Chicago Bears_2024,Tennessee Titans_2024
59,99,1:00,Chicago Bears_2024,Indianapolis Colts_2024
60,99,1:00,Chicago Bears_2024,Jacksonville Jaguars_2024
61,99,1:00,Chicago Bears_2024,Houston Texans_2024
62,99,1:00,Minnesota Vikings_2024,Detroit Lions_2024
63,99,1:00,Minnesota Vikings_2024,Chicago Bears_2024
64,99,1:00,Minnesota Vikings_2024,Green Bay Packers_2024
65,99,1:00,Minnesota Vikings_2024,New York Giants_2024
66,99,1:00,Minnesota Vikings_2024,Philadelphia Eagles_2024
67,99,1:00,Minnesota Vikings_2024,Dallas Cowboys_2024
68,99,1:00,Minnesota Vikings_2024,Washington Commanders_2024
69,99,1:00,Minnesota Vikings_2024,San Francisco 49ers_2024
70,99,1:00,Minnesota Vikings_2024,Seattle Seahawks_2024
71,99,1:00,Minnesota Vikings_2024,Los Angeles Rams_2024
72,99,1:00,Minnesota Vikings_2024,Arizona Cardinals_2024
73,99,1:00,Minnesota Vikings_2024,Tampa Bay Buccaneers_2024
74,99,1:00,Minnesota Vikings_2024,New Orleans Saints_2024
75,99,1:00,Minnesota Vikings_2024,Carolina Panthers_2024
76,99,1:00,Minnesota Vikings_2024,Atlanta Falcons_2024
77,99,1:00,Minnesota Vikings_2024,Kansas City Chiefs_2024
78,99,1:00,Minnesota Vikings_2024,Los Angeles Chargers_2024
79,99,1:00,Minnesota Vikings_2024,Denver Broncos_2024
80,99,1:00,Minnesota Vikings_2024,Las Vegas Raiders_2024
81,99,1:00,Minnesota Vikings_2024,Buffalo Bills_2024
82,99,1:00,Minnesota Vikings_2024,Miami Dolphins_2024
83,99,1:00,Minnesota Vikings_2024,New England Patriots_2024
84,99,1:00,Minnesota Vikings_2024,New York Jets_2024
85,99,1:00,Minnesota Vikings_2024,Baltimore Ravens_2024
86,99,1:00,Minnesota Vikings_2024,Cincinnati Bengals_2024
87,99,1:00,Minnesota Vikings_2024,Cleveland Browns_2024
88,99,1:00,Minnesota Vikings_2024,Pittsburgh Steelers_2024
89,99,1:00,Minnesota Vikings_2024,Tennessee Titans_2024
90,99,1:00,Minnesota Vikings_2024,Indianapolis Colts_2024
91,99,1:00,Minnesota Vikings_2024,Jacksonville Jaguars_2024
92,99,1:00,Minnesota Vikings_2024,Houston Texans_2024
93,99,1:00,Green Bay Packers_2024,Detroit Lions_2024
94,99,1:00,Green Bay Packers_2024,Chicago Bears_2024
95,99,1:00,Green Bay Packers_2024,Minnesota Vikings_2024
96,99,1:00,Green Bay Packers_2024,New York Giants_2024
97,99,1:00,Green Bay Packers_2024,Philadelphia Eagles_2024
98,99,1:00,Green Bay Packers_2024,Dallas Cowboys_2024
99,99,1:00,Green Bay Packers_2024,Washington Commanders_2024
100,99,1:00,Green Bay Packers_2024,San Francisco 49ers_2024
101,99,1:00,Green Bay Packers_2024,Seattle Seahawks_2024
102,99,1:00,Green Bay Packers_2024,Los Angeles Rams_2024
103,99,1:00,Green Bay Packers_2024,Arizona Cardinals_2024
104,99,1:00,Green Bay Packers_2024,Tampa Bay Buccaneers_2024
105,99,1:00,Green Bay Packers_2024,New Orleans Saints_2024
106,99,1:00,Green Bay Packers_2024,Carolina Panthers_2024
107,99,1:00,Green Bay Packers_2024,Atlanta Falcons_2024
108,99,1:00,Green Bay Packers_2024,Kansas City Chiefs_2024
109,99,1:00,Green Bay Packers_2024,Los Angeles Chargers_2024
110,99,1:00,Green Bay Packers_2024,Denver Broncos_2024
111,99,1:00,Green Bay Packers_2024,Las Vegas Raiders_2024
112,99,1:00,Green Bay Packers_2024,Buffalo Bills_2024
113,99,1:00,Green Bay Packers_2024,Miami Dolphins_2024
114,99,1:00,Green Bay Packers_2024,New England Patriots_2024
115,99,1:00,Green Bay Packers_2024,New York Jets_2024
116,99,1:00,Green Bay Packers_2024,Baltimore Ravens_2024
117,99,1:00,Green Bay Packers_2024,Cincinnati Bengals_2024
118,99,1:00,Green Bay Packers_2024,Cleveland Browns_2024
119,99,1:00,Green Bay Packers_2024,Pittsburgh Steelers_2024
120,99,1:00,Green Bay Packers_2024,Tennessee Titans_2024
121,99,1:00,Green Bay Packers_2024,Indianapolis Colts_2024
122,99,1:00,Green Bay Packers_2024,Jacksonville Jaguars_2024
123,99,1:00,Green Bay Packers_2024,Houston Texans_2024
124,99,1:00,New York Giants_2024,Detroit Lions_2024
125,99,1:00,New York Giants_2024,Chicago Bears_2024
126,99,1:00,New York Giants_2024,Minnesota Vikings_2024
127,99,1:00,New York Giants_2024,Green Bay Packers_2024
128,99,1:00,New York Giants_2024,Philadelphia Eagles_2024
129,99,1:00,New York Giants_2024,Dallas Cowboys_2024
130,99,1:00,New York Giants_2024,Washington Commanders_2024
131,99,1:00,New York Giants_2024,San Francisco 49ers_2024
132,99,1:00,New York Giants_2024,Seattle Seahawks_2024
133,99,1:00,New York Giants_2024,Los Angeles Rams_2024
134,99,1:00,New York Giants_2024,Arizona Cardinals_2024
135,99,1:00,New York Giants_2024,Tampa Bay Buccaneers_2024
136,99,1:00,New York Giants_2024,New Orleans Saints_2024
137,99,1:00,New York Giants_2024,Carolina Panthers_2024
138,99,1:00,New York Giants_2024,Atlanta Falcons_2024
139,99,1:00,New York Giants_2024,Kansas City Chiefs_2024
140,99,1:00,New York Giants_2024,Los Angeles Chargers_2024
141,99,1:00,New York Giants_2024,Denver Broncos_2024
142,99,1:00,New York Giants_2024,Las Vegas Raiders_2024
143,99,1:00,New York Giants_2024,Buffalo Bills_2024
144,99,1:00,New York Giants_2024,Miami Dolphins_2024
145,99,1:00,New York Giants_2024,New England Patriots_2024
146,99,1:00,New York Giants_2024,New York Jets_2024
147,99,1:00,New York Giants_2024,Baltimore Ravens_2024
148,99,1:00,New York Giants_2024,Cincinnati Bengals_2024
149,99,1:00,New York Giants_2024,Cleveland Browns_2024
150,99,1:00,New York Giants_2024,Pittsburgh Steelers_2024
151,99,1:00,New York Giants_2024,Tennessee Titans_2024
152,99,1:00,New York Giants_2024,Indianapolis Colts_2024
153,99,1:00,New York Giants_2024,Jacksonville Jaguars_2024
154,99,1:00,New York Giants_2024,Houston Texans_2024
155,99,1:00,Philadelphia Eagles_2024,Detroit Lions_2024
156,99,1:00,Philadelphia Eagles_2024,Chicago Bears_2024
157,99,1:00,Philadelphia Eagles_2024,Minnesota Vikings_2024
158,99,1:00,Philadelphia Eagles_2024,Green Bay Packers_2024
159,99,1:00,Philadelphia Eagles_2024,New York Giants_2024
160,99,1:00,Philadelphia Eagles_2024,Dallas Cowboys_2024
161,99,1:00,Philadelphia Eagles_2024,Washington Commanders_2024
162,99,1:00,Philadelphia Eagles_2024,San Francisco 49ers_2024
163,99,1:00,Philadelphia Eagles_2024,Seattle Seahawks_2024
164,99,1:00,Philadelphia Eagles_2024,Los Angeles Rams_2024
165,99,1:00,Philadelphia Eagles_2024,Arizona Cardinals_2024
166,99,1:00,Philadelphia Eagles_2024,Tampa Bay Buccaneers_2024
167,99,1:00,Philadelphia Eagles_2024,New Orleans Saints_2024
168,99,1:00,Philadelphia Eagles_2024,Carolina Panthers_2024
169,99,1:00,Philadelphia Eagles_2024,Atlanta Falcons_2024
170,99,1:00,Philadelphia Eagles_2024,Kansas City Chiefs_2024
171,99,1:00,Philadelphia Eagles_2024,Los Angeles Chargers_2024
172,99,1:00,Philadelphia Eagles_2024,Denver Broncos_2024
173,99,1:00,Philadelphia Eagles_2024,Las Vegas Raiders_2024
174,99,1:00,Philadelphia Eagles_2024,Buffalo Bills_2024
175,99,1:00,Philadelphia Eagles_2024,Miami Dolphins_2024
176,99,1:00,Philadelphia Eagles_2024,New England Patriots_2024
177,99,1:00,Philadelphia Eagles_2024,New York Jets_2024
178,99,1:00,Philadelphia Eagles_2024,Baltimore Ravens_2024
179,99,1:00,Philadelphia Eagles_2024,Cincinnati Bengals_2024
180,99,1:00,Philadelphia Eagles_2024,Cleveland Browns_2024
181,99,1:00,Philadelphia Eagles_2024,Pittsburgh Steelers_2024
182,99,1:00,Philadelphia Eagles_2024,Tennessee Titans_2024
183,99,1:00,Philadelphia Eagles_2024,Indianapolis Colts_2024
184,99,1:00,Philadelphia Eagles_2024,Jacksonville Jaguars_2024
185,99,1:00,Philadelphia Eagles_2024,Houston Texans_2024
186,99,1:00,Dallas Cowboys_2024,Detroit Lions_2024
187,99,1:00,Dallas Cowboys_2024,Chicago Bears_2024
188,99,1:00,Dallas Cowboys_2024,Minnesota Vikings_2024
189,99,1:00,Dallas Cowboys_2024,Green Bay Packers_2024
190,99,1:00,Dallas Cowboys_2024,New York Giants_2024
191,99,1:00,Dallas Cowboys_2024,Philadelphia Eagles_2024
192,99,1:00,Dallas Cowboys_2024,Washington Commanders_2024
193,99,1:00,Dallas Cowboys_2024,San Francisco 49ers_2024
194,99,1:00,Dallas Cowboys_2024,Seattle Seahawks_2024
195,99,1:00,Dallas Cowboys_2024,Los Angeles Rams_2024
196,99,1:00,Dallas Cowboys_2024,Arizona Cardinals_2024
197,99,1:00,Dallas Cowboys_2024,Tampa Bay Buccaneers_2024
198,99,1:00,Dallas Cowboys_2024,New Orleans Saints_2024
199,99,1:00,Dallas Cowboys_2024,Carolina Panthers_2024
200,99,1:00,Dallas Cowboys_2024,Atlanta Falcons_2024
201,99,1:00,Dallas Cowboys_2024,Kansas City Chiefs_2024
202,99,1:00,Dallas Cowboys_2024,Los Angeles Chargers_2024
203,99,1:00,Dallas Cowboys_2024,Denver Broncos_2024
204,99,1:00,Dallas Cowboys_2024,Las Vegas Raiders_2024
205,99,1:00,Dallas Cowboys_2024,Buffalo Bills_2024
206,99,1:00,Dallas Cowboys_2024,Miami Dolphins_2024
207,99,1:00,Dallas Cowboys_2024,New England Patriots_2024
208,99,1:00,Dallas Cowboys_2024,New York Jets_2024
209,99,1:00,Dallas Cowboys_2024,Baltimore Ravens_2024
210,99,1:00,Dallas Cowboys_2024,Cincinnati Bengals_2024
211,99,1:00,Dallas Cowboys_2024,Cleveland Browns_2024
212,99,1:00,Dallas Cowboys_2024,Pittsburgh Steelers_2024
213,99,1:00,Dallas Cowboys_2024,Tennessee Titans_2024
214,99,1:00,Dallas Cowboys_2024,Indianapolis Colts_2024
215,99,1:00,Dallas Cowboys_2024,Jacksonville Jaguars_2024
216,99,1:00,Dallas Cowboys_2024,Houston Texans_2024
217,99,1:00,Washington Commanders_2024,Detroit Lions_2024
218,99,1:00,Washington Commanders_2024,Chicago Bears_2024
219,99,1:00,Washington Commanders_2024,Minnesota Vikings_2024
220,99,1:00,Washington Commanders_2024,Green Bay Packers_2024
221,99,1:00,Washington Commanders_2024,New York Giants_2024
222,99,1:00,Washington Commanders_2024,Philadelphia Eagles_2024
223,99,1:00,Washington Commanders_2024,Dallas Cowboys_2024
224,99,1:00,Washington Commanders_2024,San Francisco 49ers_2024
225,99,1:00,Washington Commanders_2024,Seattle Seahawks_2024
226,99,1:00,Washington Commanders_2024,Los Angeles Rams_2024
227,99,1:00,Washington Commanders_2024,Arizona Cardinals_2024
228,99,1:00,Washington Commanders_2024,Tampa Bay Buccaneers_2024
229,99,1:00,Washington Commanders_2024,New Orleans Saints_2024
230,99,1:00,Washington Commanders_2024,Carolina Panthers_2024
231,99,1:00,Washington Commanders_2024,Atlanta Falcons_2024
232,99,1:00,Washington Commanders_2024,Kansas City Chiefs_2024
233,99,1:00,Washington Commanders_2024,Los Angeles Chargers_2024
234,99,1:00,Washington Commanders_2024,Denver Broncos_2024
235,99,1:00,Washington Commanders_2024,Las Vegas Raiders_2024
236,99,1:00,Washington Commanders_2024,Buffalo Bills_2024
237,99,1:00,Washington Commanders_2024,Miami Dolphins_2024
238,99,1:00,Washington Commanders_2024,New England Patriots_2024
239,99,1:00,Washington Commanders_2024,New York Jets_2024
240,99,1:00,Washington Commanders_2024,Baltimore Ravens_2024
241,99,1:00,Washington Commanders_2024,Cincinnati Bengals_2024
242,99,1:00,Washington Commanders_2024,Cleveland Browns_2024
243,99,1:00,Washington Commanders_2024,Pittsburgh Steelers_2024
244,99,1:00,Washington Commanders_2024,Tennessee Titans_2024
245,99,1:00,Washington Commanders_2024,Indianapolis Colts_2024
246,99,1:00,Washington Commanders_2024,Jacksonville Jaguars_2024
247,99,1:00,Washington Commanders_2024,Houston Texans_2024
248,99,1:00,San Francisco 49ers_2024,Detroit Lions_2024
249,99,1:00,San Francisco 49ers_2024,Chicago Bears_2024
250,99,1:00,San Francisco 49ers_2024,Minnesota Vikings_2024
251,99,1:00,San Francisco 49ers_2024,Green Bay Packers_2024
252,99,1:00,San Francisco 49ers_2024,New York Giants_2024
253,99,1:00,San Francisco 49ers_2024,Philadelphia Eagles_2024
254,99,1:00,San Francisco 49ers_2024,Dallas Cowboys_2024
255,99,1:00,San Francisco 49ers_2024,Washington Commanders_2024
256,99,1:00,San Francisco 49ers_2024,Seattle Seahawks_2024
257,99,1:00,San Francisco 49ers_2024,Los Angeles Rams_2024
258,99,1:00,San Francisco 49ers_2024,Arizona Cardinals_2024
259,99,1:00,San Francisco 49ers_2024,Tampa Bay Buccaneers_2024
260,99,1:00,San Francisco 49ers_2024,New Orleans Saints_2024
261,99,1:00,San Francisco 49ers_2024,Carolina Panthers_2024
262,99,1:00,San Francisco 49ers_2024,Atlanta Falcons_2024
263,99,1:00,San Francisco 49ers_2024,Kansas City Chiefs_2024
264,99,1:00,San Francisco 49ers_2024,Los Angeles Chargers_2024
265,99,1:00,San Francisco 49ers_2024,Denver Broncos_2024
266,99,1:00,San Francisco 49ers_2024,Las Vegas Raiders_2024
267,99,1:00,San Francisco 49ers_2024,Buffalo Bills_2024
268,99,1:00,San Francisco 49ers_2024,Miami Dolphins_2024
269,99,1:00,San Francisco 49ers_2024,New England Patriots_2024
270,99,1:00,San Francisco 49ers_2024,New York Jets_2024
271,99,1:00,San Francisco 49ers_2024,Baltimore Ravens_2024
272,99,1:00,San Francisco 49ers_2024,Cincinnati Bengals_2024
273,99,1:00,San Francisco 49ers_2024,Cleveland Browns_2024
274,99,1:00,San Francisco 49ers_2024,Pittsburgh Steelers_2024
275,99,1:00,San Francisco 49ers_2024,Tennessee Titans_2024
276,99,1:00,San Francisco 49ers_2024,Indianapolis Colts_2024
277,99,1:00,San Francisco 49ers_2024,Jacksonville Jaguars_2024
278,99,1:00,San Francisco 49ers_2024,Houston Texans_2024
279,99,1:00,Seattle Seahawks_2024,Detroit Lions_2024
280,99,1:00,Seattle Seahawks_2024,Chicago Bears_2024
281,99,1:00,Seattle Seahawks_2024,Minnesota Vikings_2024
282,99,1:00,Seattle Seahawks_2024,Green Bay Packers_2024
283,99,1:00,Seattle Seahawks_2024,New York Giants_2024
284,99,1:00,Seattle Seahawks_2024,Philadelphia Eagles_2024
285,99,1:00,Seattle Seahawks_2024,Dallas Cowboys_2024
286,99,1:00,Seattle Seahawks_2024,Washington Commanders_2024
287,99,1:00,Seattle Seahawks_2024,San Francisco 49ers_2024
288,99,1:00,Seattle Seahawks_2024,Los Angeles Rams_2024
289,99,1:00,Seattle Seahawks_2024,Arizona Cardinals_2024
290,99,1:00,Seattle Seahawks_2024,Tampa Bay Buccaneers_2024
291,99,1:00,Seattle Seahawks_2024,New Orleans Saints_2024
292,99,1:00,Seattle Seahawks_2024,Carolina Panthers_2024
293,99,1:00,Seattle Seahawks_2024,Atlanta Falcons_2024
294,99,1:00,Seattle Seahawks_2024,Kansas City Chiefs_2024
295,99,1:00,Seattle Seahawks_2024,Los Angeles Chargers_2024
296,99,1:00,Seattle Seahawks_2024,Denver Broncos_2024
297,99,1:00,Seattle Seahawks_2024,Las Vegas Raiders_2024
298,99,1:00,Seattle Seahawks_2024,Buffalo Bills_2024
299,99,1:00,Seattle Seahawks_2024,Miami Dolphins_2024
300,99,1:00,Seattle Seahawks_2024,New England Patriots_2024
301,99,1:00,Seattle Seahawks_2024,New York Jets_2024
302,99,1:00,Seattle Seahawks_2024,Baltimore Ravens_2024
303,99,1:00,Seattle Seahawks_2024,Cincinnati Bengals_2024
304,99,1:00,Seattle Seahawks_2024,Cleveland Browns_2024
305,99,1:00,Seattle Seahawks_2024,Pittsburgh Steelers_2024
306,99,1:00,Seattle Seahawks_2024,Tennessee Titans_2024
307,99,1:00,Seattle Seahawks_2024,Indianapolis Colts_2024
308,99,1:00,Seattle Seahawks_2024,Jacksonville Jaguars_2024
309,99,1:00,Seattle Seahawks_2024,Houston Texans_2024
310,99,1:00,Los Angeles Rams_2024,Detroit Lions_2024
311,99,1:00,Los Angeles Rams_2024,Chicago Bears_2024
312,99,1:00,Los Angeles Rams_2024,Minnesota Vikings_2024
313,99,1:00,Los Angeles Rams_2024,Green Bay Packers_2024
314,99,1:00,Los Angeles Rams_2024,New York Giants_2024
315,99,1:00,Los Angeles Rams_2024,Philadelphia Eagles_2024
316,99,1:00,Los Angeles Rams_2024,Dallas Cowboys_2024
317,99,1:00,Los Angeles Rams_2024,Washington Commanders_2024
318,99,1:00,Los Angeles Rams_2024,San Francisco 49ers_2024
319,99,1:00,Los Angeles Rams_2024,Seattle Seahawks_2024
320,99,1:00,Los Angeles Rams_2024,Arizona Cardinals_2024
321,99,1:00,Los Angeles Rams_2024,Tampa Bay Buccaneers_2024
322,99,1:00,Los Angeles Rams_2024,New Orleans Saints_2024
323,99,1:00,Los Angeles Rams_2024,Carolina Panthers_2024
324,99,1:00,Los Angeles Rams_2024,Atlanta Falcons_2024
325,99,1:00,Los Angeles Rams_2024,Kansas City Chiefs_2024
326,99,1:00,Los Angeles Rams_2024,Los Angeles Chargers_2024
327,99,1:00,Los Angeles Rams_2024,Denver Broncos_2024
328,99,1:00,Los Angeles Rams_2024,Las Vegas Raiders_2024
329,99,1:00,Los Angeles Rams_2024,Buffalo Bills_2024
330,99,1:00,Los Angeles Rams_2024,Miami Dolphins_2024
331,99,1:00,Los Angeles Rams_2024,New England Patriots_2024
332,99,1:00,Los Angeles Rams_2024,New York Jets_2024
333,99,1:00,Los Angeles Rams_2024,Baltimore Ravens_2024
334,99,1:00,Los Angeles Rams_2024,Cincinnati Bengals_2024
335,99,1:00,Los Angeles Rams_2024,Cleveland Browns_2024
336,99,1:00,Los Angeles Rams_2024,Pittsburgh Steelers_2024
337,99,1:00,Los Angeles Rams_2024,Tennessee Titans_2024
338,99,1:00,Los Angeles Rams_2024,Indianapolis Colts_2024
339,99,1:00,Los Angeles Rams_2024,Jacksonville Jaguars_2024
340,99,1:00,Los Angeles Rams_2024,Houston Texans_2024
341,99,1:00,Arizona Cardinals_2024,Detroit Lions_2024
342,99,1:00,Arizona Cardinals_2024,Chicago Bears_2024
343,99,1:00,Arizona Cardinals_2024,Minnesota Vikings_2024
344,99,1:00,Arizona Cardinals_2024,Green Bay Packers_2024
345,99,1:00,Arizona Cardinals_2024,New York Giants_2024
346,99,1:00,Arizona Cardinals_2024,Philadelphia Eagles_2024
347,99,1:00,Arizona Cardinals_2024,Dallas Cowboys_2024
348,99,1:00,Arizona Cardinals_2024,Washington Commanders_2024
349,99,1:00,Arizona Cardinals_2024,San Francisco 49ers_2024
350,99,1:00,Arizona Cardinals_2024,Seattle Seahawks_2024
351,99,1:00,Arizona Cardinals_2024,Los Angeles Rams_2024
352,99,1:00,Arizona Cardinals_2024,Tampa Bay Buccaneers_2024
353,99,1:00,Arizona Cardinals_2024,New Orleans Saints_2024
354,99,1:00,Arizona Cardinals_2024,Carolina Panthers_2024
355,99,1:00,Arizona Cardinals_2024,Atlanta Falcons_2024
356,99,1:00,Arizona Cardinals_2024,Kansas City Chiefs_2024
357,99,1:00,Arizona Cardinals_2024,Los Angeles Chargers_2024
358,99,1:00,Arizona Cardinals_2024,Denver Broncos_2024
359,99,1:00,Arizona Cardinals_2024,Las Vegas Raiders_2024
360,99,1:00,Arizona Cardinals_2024,Buffalo Bills_2024
361,99,1:00,Arizona Cardinals_2024,Miami Dolphins_2024
362,99,1:00,Arizona Cardinals_2024,New England Patriots_2024
363,99,1:00,Arizona Cardinals_2024,New York Jets_2024
364,99,1:00,Arizona Cardinals_2024,Baltimore Ravens_2024
365,99,1:00,Arizona Cardinals_2024,Cincinnati Bengals_2024
366,99,1:00,Arizona Cardinals_2024,Cleveland Browns_2024
367,99,1:00,Arizona Cardinals_2024,Pittsburgh Steelers_2024
368,99,1:00,Arizona Cardinals_2024,Tennessee Titans_2024
369,99,1:00,Arizona Cardinals_2024,Indianapolis Colts_2024
370,99,1:00,Arizona Cardinals_2024,Jacksonville Jaguars_2024
371,99,1:00,Arizona Cardinals_2024,Houston Texans_2024
372,99,1:00,Tampa Bay Buccaneers_2024,Detroit Lions_2024
373,99,1:00,Tampa Bay Buccaneers_2024,Chicago Bears_2024
374,99,1:00,Tampa Bay Buccaneers_2024,Minnesota Vikings_2024
375,99,1:00,Tampa Bay Buccaneers_2024,Green Bay Packers_2024
376,99,1:00,Tampa Bay Buccaneers_2024,New York Giants_2024
377,99,1:00,Tampa Bay Buccaneers_2024,Philadelphia Eagles_2024
378,99,1:00,Tampa Bay Buccaneers_2024,Dallas Cowboys_2024
379,99,1:00,Tampa Bay Buccaneers_2024,Washington Commanders_2024
380,99,1:00,Tampa Bay Buccaneers_2024,San Francisco 49ers_2024
381,99,1:00,Tampa Bay Buccaneers_2024,Seattle Seahawks_2024
382,99,1:00,Tampa Bay Buccaneers_2024,Los Angeles Rams_2024
383,99,1:00,Tampa Bay Buccaneers_2024,Arizona Cardinals_2024
384,99,1:00,Tampa Bay Buccaneers_2024,New Orleans Saints_2024
385,99,1:00,Tampa Bay Buccaneers_2024,Carolina Panthers_2024
386,99,1:00,Tampa Bay Buccaneers_2024,Atlanta Falcons_2024
387,99,1:00,Tampa Bay Buccaneers_2024,Kansas City Chiefs_2024
388,99,1:00,Tampa Bay Buccaneers_2024,Los Angeles Chargers_2024
389,99,1:00,Tampa Bay Buccaneers_2024,Denver Broncos_2024
390,99,1:00,Tampa Bay Buccaneers_2024,Las Vegas Raiders_2024
391,99,1:00,Tampa Bay Buccaneers_2024,Buffalo Bills_2024
392,99,1:00,Tampa Bay Buccaneers_2024,Miami Dolphins_2024
393,99,1:00,Tampa Bay Buccaneers_2024,New England Patriots_2024
394,99,1:00,Tampa Bay Buccaneers_2024,New York Jets_2024
395,99,1:00,Tampa Bay Buccaneers_2024,Baltimore Ravens_2024
396,99,1:00,Tampa Bay Buccaneers_2024,Cincinnati Bengals_2024
397,99,1:00,Tampa Bay Buccaneers_2024,Cleveland Browns_2024
398,99,1:00,Tampa Bay Buccaneers_2024,Pittsburgh Steelers_2024
399,99,1:00,Tampa Bay Buccaneers_2024,Tennessee Titans_2024
400,99,1:00,Tampa Bay Buccaneers_2024,Indianapolis Colts_2024
401,99,1:00,Tampa Bay Buccaneers_2024,Jacksonville Jaguars_2024
402,99,1:00,Tampa Bay Buccaneers_2024,Houston Texans_2024
403,99,1:00,New Orleans Saints_2024,Detroit Lions_2024
404,99,1:00,New Orleans Saints_2024,Chicago Bears_2024
405,99,1:00,New Orleans Saints_2024,Minnesota Vikings_2024
406,99,1:00,New Orleans Saints_2024,Green Bay Packers_2024
407,99,1:00,New Orleans Saints_2024,New York Giants_2024
408,99,1:00,New Orleans Saints_2024,Philadelphia Eagles_2024
409,99,1:00,New Orleans Saints_2024,Dallas Cowboys_2024
410,99,1:00,New Orleans Saints_2024,Washington Commanders_2024
411,99,1:00,New Orleans Saints_2024,San Francisco 49ers_2024
412,99,1:00,New Orleans Saints_2024,Seattle Seahawks_2024
413,99,1:00,New Orleans Saints_2024,Los Angeles Rams_2024
414,99,1:00,New Orleans Saints_2024,Arizona Cardinals_2024
415,99,1:00,New Orleans Saints_2024,Tampa Bay Buccaneers_2024
416,99,1:00,New Orleans Saints_2024,Carolina Panthers_2024
417,99,1:00,New Orleans Saints_2024,Atlanta Falcons_2024
418,99,1:00,New Orleans Saints_2024,Kansas City Chiefs_2024
419,99,1:00,New Orleans Saints_2024,Los Angeles Chargers_2024
420,99,1:00,New Orleans Saints_2024,Denver Broncos_2024
421,99,1:00,New Orleans Saints_2024,Las Vegas Raiders_2024
422,99,1:00,New Orleans Saints_2024,Buffalo Bills_2024
423,99,1:00,New Orleans Saints_2024,Miami Dolphins_2024
424,99,1:00,New Orleans Saints_2024,New England Patriots_2024
425,99,1:00,New Orleans Saints_2024,New York Jets_2024
426,99,1:00,New Orleans Saints_2024,Baltimore Ravens_2024
427,99,1:00,New Orleans Saints_2024,Cincinnati Bengals_2024
428,99,1:00,New Orleans Saints_2024,Cleveland Browns_2024
429,99,1:00,New Orleans Saints_2024,Pittsburgh Steelers_2024
430,99,1:00,New Orleans Saints_2024,Tennessee Titans_2024
431,99,1:00,New Orleans Saints_2024,Indianapolis Colts_2024
432,99,1:00,New Orleans Saints_2024,Jacksonville Jaguars_2024
433,99,1:00,New Orleans Saints_2024,Houston Texans_2024
434,99,1:00,Carolina Panthers_2024,Detroit Lions_2024
435,99,1:00,Carolina Panthers_2024,Chicago Bears_2024
436,99,1:00,Carolina Panthers_2024,Minnesota Vikings_2024
437,99,1:00,Carolina Panthers_2024,Green Bay Packers_2024
438,99,1:00,Carolina Panthers_2024,New York Giants_2024
439,99,1:00,Carolina Panthers_2024,Philadelphia Eagles_2024
440,99,1:00,Carolina Panthers_2024,Dallas Cowboys_2024
441,99,1:00,Carolina Panthers_2024,Washington Commanders_2024
442,99,1:00,Carolina Panthers_2024,San Francisco 49ers_2024
443,99,1:00,Carolina Panthers_2024,Seattle Seahawks_2024
444,99,1:00,Carolina Panthers_2024,Los Angeles Rams_2024
445,99,1:00,Carolina Panthers_2024,Arizona Cardinals_2024
446,99,1:00,Carolina Panthers_2024,Tampa Bay Buccaneers_2024
447,99,1:00,Carolina Panthers_2024,New Orleans Saints_2024
448,99,1:00,Carolina Panthers_2024,Atlanta Falcons_2024
449,99,1:00,Carolina Panthers_2024,Kansas City Chiefs_2024
450,99,1:00,Carolina Panthers_2024,Los Angeles Chargers_2024
451,99,1:00,Carolina Panthers_2024,Denver Broncos_2024
452,99,1:00,Carolina Panthers_2024,Las Vegas Raiders_2024
453,99,1:00,Carolina Panthers_2024,Buffalo Bills_2024
454,99,1:00,Carolina Panthers_2024,Miami Dolphins_2024
455,99,1:00,Carolina Panthers_2024,New England Patriots_2024
456,99,1:00,Carolina Panthers_2024,New York Jets_2024
457,99,1:00,Carolina Panthers_2024,Baltimore Ravens_2024
458,99,1:00,Carolina Panthers_2024,Cincinnati Bengals_2024
459,99,1:00,Carolina Panthers_2024,Cleveland Browns_2024
460,99,1:00,Carolina Panthers_2024,Pittsburgh Steelers_2024
461,99,1:00,Carolina Panthers_2024,Tennessee Titans_2024
462,99,1:00,Carolina Panthers_2024,Indianapolis Colts_2024
463,99,1:00,Carolina Panthers_2024,Jacksonville Jaguars_2024
464,99,1:00,Carolina Panthers_2024,Houston Texans_2024
465,99,1:00,Atlanta Falcons_2024,Detroit Lions_2024
466,99,1:00,Atlanta Falcons_2024,Chicago Bears_2024
467,99,1:00,Atlanta Falcons_2024,Minnesota Vikings_2024
468,99,1:00,Atlanta Falcons_2024,Green Bay Packers_2024
469,99,1:00,Atlanta Falcons_2024,New York Giants_2024
470,99,1:00,Atlanta Falcons_2024,Philadelphia Eagles_2024
471,99,1:00,Atlanta Falcons_2024,Dallas Cowboys_2024
472,99,1:00,Atlanta Falcons_2024,Washington Commanders_2024
473,99,1:00,Atlanta Falcons_2024,San Francisco 49ers_2024
474,99,1:00,Atlanta Falcons_2024,Seattle Seahawks_2024
475,99,1:00,Atlanta Falcons_2024,Los Angeles Rams_2024
476,99,1:00,Atlanta Falcons_2024,Arizona Cardinals_2024
477,99,1:00,Atlanta Falcons_2024,Tampa Bay Buccaneers_2024
478,99,1:00,Atlanta Falcons_2024,New Orleans Saints_2024
479,99,1:00,Atlanta Falcons_2024,Carolina Panthers_2024
480,99,1:00,Atlanta Falcons_2024,Kansas City Chiefs_2024
481,99,1:00,Atlanta Falcons_2024,Los Angeles Chargers_2024
482,99,1:00,Atlanta Falcons_2024,Denver Broncos_2024
483,99,1:00,Atlanta Falcons_2024,Las Vegas Raiders_2024
484,99,1:00,Atlanta Falcons_2024,Buffalo Bills_2024
485,99,1:00,Atlanta Falcons_2024,Miami Dolphins_2024
486,99,1:00,Atlanta Falcons_2024,New England Patriots_2024
487,99,1:00,Atlanta Falcons_2024,New York Jets_2024
488,99,1:00,Atlanta Falcons_2024,Baltimore Ravens_2024
489,99,1:00,Atlanta Falcons_2024,Cincinnati Bengals_2024
490,99,1:00,Atlanta Falcons_2024,Cleveland Browns_2024
491,99,1:00,Atlanta Falcons_2024,Pittsburgh Steelers_2024
492,99,1:00,Atlanta Falcons_2024,Tennessee Titans_2024
493,99,1:00,Atlanta Falcons_2024,Indianapolis Colts_2024
494,99,1:00,Atlanta Falcons_2024,Jacksonville Jaguars_2024
495,99,1:00,Atlanta Falcons_2024,Houston Texans_2024
496,99,1:00,Kansas City Chiefs_2024,Detroit Lions_2024
497,99,1:00,Kansas City Chiefs_2024,Chicago Bears_2024
498,99,1:00,Kansas City Chiefs_2024,Minnesota Vikings_2024
499,99,1:00,Kansas City Chiefs_2024,Green Bay Packers_2024
500,99,1:00,Kansas City Chiefs_2024,New York Giants_2024
501,99,1:00,Kansas City Chiefs_2024,Philadelphia Eagles_2024
502,99,1:00,Kansas City Chiefs_2024,Dallas Cowboys_2024
503,99,1:00,Kansas City Chiefs_2024,Washington Commanders_2024
504,99,1:00,Kansas City Chiefs_2024,San Francisco 49ers_2024
505,99,1:00,Kansas City Chiefs_2024,Seattle Seahawks_2024
506,99,1:00,Kansas City Chiefs_2024,Los Angeles Rams_2024
507,99,1:00,Kansas City Chiefs_2024,Arizona Cardinals_2024
508,99,1:00,Kansas City Chiefs_2024,Tampa Bay Buccaneers_2024
509,99,1:00,Kansas City Chiefs_2024,New Orleans Saints_2024
510,99,1:00,Kansas City Chiefs_2024,Carolina Panthers_2024
511,99,1:00,Kansas City Chiefs_2024,Atlanta Falcons_2024
512,99,1:00,Kansas City Chiefs_2024,Los Angeles Chargers_2024
513,99,1:00,Kansas City Chiefs_2024,Denver Broncos_2024
514,99,1:00,Kansas City Chiefs_2024,Las Vegas Raiders_2024
515,99,1:00,Kansas City Chiefs_2024,Buffalo Bills_2024
516,99,1:00,Kansas City Chiefs_2024,Miami Dolphins_2024
517,99,1:00,Kansas City Chiefs_2024,New England Patriots_2024
518,99,1:00,Kansas City Chiefs_2024,New York Jets_2024
519,99,1:00,Kansas City Chiefs_2024,Baltimore Ravens_2024
520,99,1:00,Kansas City Chiefs_2024,Cincinnati Bengals_2024
521,99,1:00,Kansas City Chiefs_2024,Cleveland Browns_2024
522,99,1:00,Kansas City Chiefs_2024,Pittsburgh Steelers_2024
523,99,1:00,Kansas City Chiefs_2024,Tennessee Titans_2024
524,99,1:00,Kansas City Chiefs_2024,Indianapolis Colts_2024
525,99,1:00,Kansas City Chiefs_2024,Jacksonville Jaguars_2024
526,99,1:00,Kansas City Chiefs_2024,Houston Texans_2024
527,99,1:00,Los Angeles Chargers_2024,Detroit Lions_2024
528,99,1:00,Los Angeles Chargers_2024,Chicago Bears_2024
529,99,1:00,Los Angeles Chargers_2024,Minnesota Vikings_2024
530,99,1:00,Los Angeles Chargers_2024,Green Bay Packers_2024
531,99,1:00,Los Angeles Chargers_2024,New York Giants_2024
532,99,1:00,Los Angeles Chargers_2024,Philadelphia Eagles_2024
533,99,1:00,Los Angeles Chargers_2024,Dallas Cowboys_2024
534,99,1:00,Los Angeles Chargers_2024,Washington Commanders_2024
535,99,1:00,Los Angeles Chargers_2024,San Francisco 49ers_2024
536,99,1:00,Los Angeles Chargers_2024,Seattle Seahawks_2024
537,99,1:00,Los Angeles Chargers_2024,Los Angeles Rams_2024
538,99,1:00,Los Angeles Chargers_2024,Arizona Cardinals_2024
539,99,1:00,Los Angeles Chargers_2024,Tampa Bay Buccaneers_2024
540,99,1:00,Los Angeles Chargers_2024,New Orleans Saints_2024
541,99,1:00,Los Angeles Chargers_2024,Carolina Panthers_2024
542,99,1:00,Los Angeles Chargers_2024,Atlanta Falcons_2024
543,99,1:00,Los Angeles Chargers_2024,Kansas City Chiefs_2024
544,99,1:00,Los Angeles Chargers_2024,Denver Broncos_2024
545,99,1:00,Los Angeles Chargers_2024,Las Vegas Raiders_2024
546,99,1:00,Los Angeles Chargers_2024,Buffalo Bills_2024
547,99,1:00,Los Angeles Chargers_2024,Miami Dolphins_2024
548,99,1:00,Los Angeles Chargers_2024,New England Patriots_2024
549,99,1:00,Los Angeles Chargers_2024,New York Jets_2024
550,99,1:00,Los Angeles Chargers_2024,Baltimore Ravens_2024
551,99,1:00,Los Angeles Chargers_2024,Cincinnati Bengals_2024
552,99,1:00,Los Angeles Chargers_2024,Cleveland Browns_2024
553,99,1:00,Los Angeles Chargers_2024,Pittsburgh Steelers_2024
554,99,1:00,Los Angeles Chargers_2024,Tennessee Titans_2024
555,99,1:00,Los Angeles Chargers_2024,Indianapolis Colts_2024
556,99,1:00,Los Angeles Chargers_2024,Jacksonville Jaguars_2024
557,99,1:00,Los Angeles Chargers_2024,Houston Texans_2024
558,99,1:00,Denver Broncos_2024,Detroit Lions_2024
559,99,1:00,Denver Broncos_2024,Chicago Bears_2024
560,99,1:00,Denver Broncos_2024,Minnesota Vikings_2024
561,99,1:00,Denver Broncos_2024,Green Bay Packers_2024
562,99,1:00,Denver Broncos_2024,New York Giants_2024
563,99,1:00,Denver Broncos_2024,Philadelphia Eagles_2024
564,99,1:00,Denver Broncos_2024,Dallas Cowboys_2024
565,99,1:00,Denver Broncos_2024,Washington Commanders_2024
566,99,1:00,Denver Broncos_2024,San Francisco 49ers_2024
567,99,1:00,Denver Broncos_2024,Seattle Seahawks_2024
568,99,1:00,Denver Broncos_2024,Los Angeles Rams_2024
569,99,1:00,Denver Broncos_2024,Arizona Cardinals_2024
570,99,1:00,Denver Broncos_2024,Tampa Bay Buccaneers_2024
571,99,1:00,Denver Broncos_2024,New Orleans Saints_2024
572,99,1:00,Denver Broncos_2024,Carolina Panthers_2024
573,99,1:00,Denver Broncos_2024,Atlanta Falcons_2024
574,99,1:00,Denver Broncos_2024,Kansas City Chiefs_2024
575,99,1:00,Denver Broncos_2024,Los Angeles Chargers_2024
576,99,1:00,Denver Broncos_2024,Las Vegas Raiders_2024
577,99,1:00,Denver Broncos_2024,Buffalo Bills_2024
578,99,1:00,Denver Broncos_2024,Miami Dolphins_2024
579,99,1:00,Denver Broncos_2024,New England Patriots_2024
580,99,1:00,Denver Broncos_2024,New York Jets_2024
581,99,1:00,Denver Broncos_2024,Baltimore Ravens_2024
582,99,1:00,Denver Broncos_2024,Cincinnati Bengals_2024
583,99,1:00,Denver Broncos_2024,Cleveland Browns_2024
584,99,1:00,Denver Broncos_2024,Pittsburgh Steelers_2024
585,99,1:00,Denver Broncos_2024,Tennessee Titans_2024
586,99,1:00,Denver Broncos_2024,Indianapolis Colts_2024
587,99,1:00,Denver Broncos_2024,Jacksonville Jaguars_2024
588,99,1:00,Denver Broncos_2024,Houston Texans_2024
589,99,1:00,Las Vegas Raiders_2024,Detroit Lions_2024
590,99,1:00,Las Vegas Raiders_2024,Chicago Bears_2024
591,99,1:00,Las Vegas Raiders_2024,Minnesota Vikings_2024
592,99,1:00,Las Vegas Raiders_2024,Green Bay Packers_2024
593,99,1:00,Las Vegas Raiders_2024,New York Giants_2024
594,99,1:00,Las Vegas Raiders_2024,Philadelphia Eagles_2024
595,99,1:00,Las Vegas Raiders_2024,Dallas Cowboys_2024
596,99,1:00,Las Vegas Raiders_2024,Washington Commanders_2024
597,99,1:00,Las Vegas Raiders_2024,San Francisco 49ers_2024
598,99,1:00,Las Vegas Raiders_2024,Seattle Seahawks_2024
599,99,1:00,Las Vegas Raiders_2024,Los Angeles Rams_2024
600,99,1:00,Las Vegas Raiders_2024,Arizona Cardinals_2024
601,99,1:00,Las Vegas Raiders_2024,Tampa Bay Buccaneers_2024
602,99,1:00,Las Vegas Raiders_2024,New Orleans Saints_2024
603,99,1:00,Las Vegas Raiders_2024,Carolina Panthers_2024
604,99,1:00,Las Vegas Raiders_2024,Atlanta Falcons_2024
605,99,1:00,Las Vegas Raiders_2024,Kansas City Chiefs_2024
606,99,1:00,Las Vegas Raiders_2024,Los Angeles Chargers_2024
607,99,1:00,Las Vegas Raiders_2024,Denver Broncos_2024
608,99,1:00,Las Vegas Raiders_2024,Buffalo Bills_2024
609,99,1:00,Las Vegas Raiders_2024,Miami Dolphins_2024
610,99,1:00,Las Vegas Raiders_2024,New England Patriots_2024
611,99,1:00,Las Vegas Raiders_2024,New York Jets_2024
612,99,1:00,Las Vegas Raiders_2024,Baltimore Ravens_2024
613,99,1:00,Las Vegas Raiders_2024,Cincinnati Bengals_2024
614,99,1:00,Las Vegas Raiders_2024,Cleveland Browns_2024
615,99,1:00,Las Vegas Raiders_2024,Pittsburgh Steelers_2024
616,99,1:00,Las Vegas Raiders_2024,Tennessee Titans_2024
617,99,1:00,Las Vegas Raiders_2024,Indianapolis Colts_2024
618,99,1:00,Las Vegas Raiders_2024,Jacksonville Jaguars_2024
619,99,1:00,Las Vegas Raiders_2024,Houston Texans_2024
620,99,1:00,Buffalo Bills_2024,Detroit Lions_2024
621,99,1:00,Buffalo Bills_2024,Chicago Bears_2024
622,99,1:00,Buffalo Bills_2024,Minnesota Vikings_2024
623,99,1:00,Buffalo Bills_2024,Green Bay Packers_2024
624,99,1:00,Buffalo Bills_2024,New York Giants_2024
625,99,1:00,Buffalo Bills_2024,Philadelphia Eagles_2024
626,99,1:00,Buffalo Bills_2024,Dallas Cowboys_2024
627,99,1:00,Buffalo Bills_2024,Washington Commanders_2024
628,99,1:00,Buffalo Bills_2024,San Francisco 49ers_2024
629,99,1:00,Buffalo Bills_2024,Seattle Seahawks_2024
630,99,1:00,Buffalo Bills_2024,Los Angeles Rams_2024
631,99,1:00,Buffalo Bills_2024,Arizona Cardinals_2024
632,99,1:00,Buffalo Bills_2024,Tampa Bay Buccaneers_2024
633,99,1:00,Buffalo Bills_2024,New Orleans Saints_2024
634,99,1:00,Buffalo Bills_2024,Carolina Panthers_2024
635,99,1:00,Buffalo Bills_2024,Atlanta Falcons_2024
636,99,1:00,Buffalo Bills_2024,Kansas City Chiefs_2024
637,99,1:00,Buffalo Bills_2024,Los Angeles Chargers_2024
638,99,1:00,Buffalo Bills_2024,Denver Broncos_2024
639,99,1:00,Buffalo Bills_2024,Las Vegas Raiders_2024
640,99,1:00,Buffalo Bills_2024,Miami Dolphins_2024
641,99,1:00,Buffalo Bills_2024,New England Patriots_2024
642,99,1:00,Buffalo Bills_2024,New York Jets_2024
643,99,1:00,Buffalo Bills_2024,Baltimore Ravens_2024
644,99,1:00,Buffalo Bills_2024,Cincinnati Bengals_2024
645,99,1:00,Buffalo Bills_2024,Cleveland Browns_2024
646,99,1:00,Buffalo Bills_2024,Pittsburgh Steelers_2024
647,99,1:00,Buffalo Bills_2024,Tennessee Titans_2024
648,99,1:00,Buffalo Bills_2024,Indianapolis Colts_2024
649,99,1:00,Buffalo Bills_2024,Jacksonville Jaguars_2024
650,99,1:00,Buffalo Bills_2024,Houston Texans_2024
651,99,1:00,Miami Dolphins_2024,Detroit Lions_2024
652,99,1:00,Miami Dolphins_2024,Chicago Bears_2024
653,99,1:00,Miami Dolphins_2024,Minnesota Vikings_2024
654,99,1:00,Miami Dolphins_2024,Green Bay Packers_2024
655,99,1:00,Miami Dolphins_2024,New York Giants_2024
656,99,1:00,Miami Dolphins_2024,Philadelphia Eagles_2024
657,99,1:00,Miami Dolphins_2024,Dallas Cowboys_2024
658,99,1:00,Miami Dolphins_2024,Washington Commanders_2024
659,99,1:00,Miami Dolphins_2024,San Francisco 49ers_2024
660,99,1:00,Miami Dolphins_2024,Seattle Seahawks_2024
661,99,1:00,Miami Dolphins_2024,Los Angeles Rams_2024
662,99,1:00,Miami Dolphins_2024,Arizona Cardinals_2024
663,99,1:00,Miami Dolphins_2024,Tampa Bay Buccaneers_2024
664,99,1:00,Miami Dolphins_2024,New Orleans Saints_2024
665,99,1:00,Miami Dolphins_2024,Carolina Panthers_2024
666,99,1:00,Miami Dolphins_2024,Atlanta Falcons_2024
667,99,1:00,Miami Dolphins_2024,Kansas City Chiefs_2024
668,99,1:00,Miami Dolphins_2024,Los Angeles Chargers_2024
669,99,1:00,Miami Dolphins_2024,Denver Broncos_2024
670,99,1:00,Miami Dolphins_2024,Las Vegas Raiders_2024
671,99,1:00,Miami Dolphins_2024,Buffalo Bills_2024
672,99,1:00,Miami Dolphins_2024,New England Patriots_2024
673,99,1:00,Miami Dolphins_2024,New York Jets_2024
674,99,1:00,Miami Dolphins_2024,Baltimore Ravens_2024
675,99,1:00,Miami Dolphins_2024,Cincinnati Bengals_2024
676,99,1:00,Miami Dolphins_2024,Cleveland Browns_2024
677,99,1:00,Miami Dolphins_2024,Pittsburgh Steelers_2024
678,99,1:00,Miami Dolphins_2024,Tennessee Titans_2024
679,99,1:00,Miami Dolphins_2024,Indianapolis Colts_2024
680,99,1:00,Miami Dolphins_2024,Jacksonville Jaguars_2024
681,99,1:00,Miami Dolphins_2024,Houston Texans_2024
682,99,1:00,New England Patriots_2024,Detroit Lions_2024
683,99,1:00,New England Patriots_2024,Chicago Bears_2024
684,99,1:00,New England Patriots_2024,Minnesota Vikings_2024
685,99,1:00,New England Patriots_2024,Green Bay Packers_2024
686,99,1:00,New England Patriots_2024,New York Giants_2024
687,99,1:00,New England Patriots_2024,Philadelphia Eagles_2024
688,99,1:00,New England Patriots_2024,Dallas Cowboys_2024
689,99,1:00,New England Patriots_2024,Washington Commanders_2024
690,99,1:00,New England Patriots_2024,San Francisco 49ers_2024
691,99,1:00,New England Patriots_2024,Seattle Seahawks_2024
692,99,1:00,New England Patriots_2024,Los Angeles Rams_2024
693,99,1:00,New England Patriots_2024,Arizona Cardinals_2024
694,99,1:00,New England Patriots_2024,Tampa Bay Buccaneers_2024
695,99,1:00,New England Patriots_2024,New Orleans Saints_2024
696,99,1:00,New England Patriots_2024,Carolina Panthers_2024
697,99,1:00,New England Patriots_2024,Atlanta Falcons_2024
698,99,1:00,New England Patriots_2024,Kansas City Chiefs_2024
699,99,1:00,New England Patriots_2024,Los Angeles Chargers_2024
700,99,1:00,New England Patriots_2024,Denver Broncos_2024
701,99,1:00,New England Patriots_2024,Las Vegas Raiders_2024
702,99,1:00,New England Patriots_2024,Buffalo Bills_2024
703,99,1:00,New England Patriots_2024,Miami Dolphins_2024
704,99,1:00,New England Patriots_2024,New York Jets_2024
705,99,1:00,New England Patriots_2024,Baltimore Ravens_2024
706,99,1:00,New England Patriots_2024,Cincinnati Bengals_2024
707,99,1:00,New England Patriots_2024,Cleveland Browns_2024
708,99,1:00,New England Patriots_2024,Pittsburgh Steelers_2024
709,99,1:00,New England Patriots_2024,Tennessee Titans_2024
710,99,1:00,New England Patriots_2024,Indianapolis Colts_2024
711,99,1:00,New England Patriots_2024,Jacksonville Jaguars_2024
712,99,1:00,New England Patriots_2024,Houston Texans_2024
713,99,1:00,New York Jets_2024,Detroit Lions_2024
714,99,1:00,New York Jets_2024,Chicago Bears_2024
715,99,1:00,New York Jets_2024,Minnesota Vikings_2024
716,99,1:00,New York Jets_2024,Green Bay Packers_2024
717,99,1:00,New York Jets_2024,New York Giants_2024
718,99,1:00,New York Jets_2024,Philadelphia Eagles_2024
719,99,1:00,New York Jets_2024,Dallas Cowboys_2024
720,99,1:00,New York Jets_2024,Washington Commanders_2024
721,99,1:00,New York Jets_2024,San Francisco 49ers_2024
722,99,1:00,New York Jets_2024,Seattle Seahawks_2024
723,99,1:00,New York Jets_2024,Los Angeles Rams_2024
724,99,1:00,New York Jets_2024,Arizona Cardinals_2024
725,99,1:00,New York Jets_2024,Tampa Bay Buccaneers_2024
726,99,1:00,New York Jets_2024,New Orleans Saints_2024
727,99,1:00,New York Jets_2024,Carolina Panthers_2024
728,99,1:00,New York Jets_2024,Atlanta Falcons_2024
729,99,1:00,New York Jets_2024,Kansas City Chiefs_2024
730,99,1:00,New York Jets_2024,Los Angeles Chargers_2024
731,99,1:00,New York Jets_2024,Denver Broncos_2024
732,99,1:00,New York Jets_2024,Las Vegas Raiders_2024
733,99,1:00,New York Jets_2024,Buffalo Bills_2024
734,99,1:00,New York Jets_2024,Miami Dolphins_2024
735,99,1:00,New York Jets_2024,New England Patriots_2024
736,99,1:00,New York Jets_2024,Baltimore Ravens_2024
737,99,1:00,New York Jets_2024,Cincinnati Bengals_2024
738,99,1:00,New York Jets_2024,Cleveland Browns_2024
739,99,1:00,New York Jets_2024,Pittsburgh Steelers_2024
740,99,1:00,New York Jets_2024,Tennessee Titans_2024
741,99,1:00,New York Jets_2024,Indianapolis Colts_2024
742,99,1:00,New York Jets_2024,Jacksonville Jaguars_2024
743,99,1:00,New York Jets_2024,Houston Texans_2024
744,99,1:00,Baltimore Ravens_2024,Detroit Lions_2024
745,99,1:00,Baltimore Ravens_2024,Chicago Bears_2024
746,99,1:00,Baltimore Ravens_2024,Minnesota Vikings_2024
747,99,1:00,Baltimore Ravens_2024,Green Bay Packers_2024
748,99,1:00,Baltimore Ravens_2024,New York Giants_2024
749,99,1:00,Baltimore Ravens_2024,Philadelphia Eagles_2024
750,99,1:00,Baltimore Ravens_2024,Dallas Cowboys_2024
751,99,1:00,Baltimore Ravens_2024,Washington Commanders_2024
752,99,1:00,Baltimore Ravens_2024,San Francisco 49ers_2024
753,99,1:00,Baltimore Ravens_2024,Seattle Seahawks_2024
754,99,1:00,Baltimore Ravens_2024,Los Angeles Rams_2024
755,99,1:00,Baltimore Ravens_2024,Arizona Cardinals_2024
756,99,1:00,Baltimore Ravens_2024,Tampa Bay Buccaneers_2024
757,99,1:00,Baltimore Ravens_2024,New Orleans Saints_2024
758,99,1:00,Baltimore Ravens_2024,Carolina Panthers_2024
759,99,1:00,Baltimore Ravens_2024,Atlanta Falcons_2024
760,99,1:00,Baltimore Ravens_2024,Kansas City Chiefs_2024
761,99,1:00,Baltimore Ravens_2024,Los Angeles Chargers_2024
762,99,1:00,Baltimore Ravens_2024,Denver Broncos_2024
763,99,1:00,Baltimore Ravens_2024,Las Vegas Raiders_2024
764,99,1:00,Baltimore Ravens_2024,Buffalo Bills_2024
765,99,1:00,Baltimore Ravens_2024,Miami Dolphins_2024
766,99,1:00,Baltimore Ravens_2024,New England Patriots_2024
767,99,1:00,Baltimore Ravens_2024,New York Jets_2024
768,99,1:00,Baltimore Ravens_2024,Cincinnati Bengals_2024
769,99,1:00,Baltimore Ravens_2024,Cleveland Browns_2024
770,99,1:00,Baltimore Ravens_2024,Pittsburgh Steelers_2024
771,99,1:00,Baltimore Ravens_2024,Tennessee Titans_2024
772,99,1:00,Baltimore Ravens_2024,Indianapolis Colts_2024
773,99,1:00,Baltimore Ravens_2024,Jacksonville Jaguars_2024
774,99,1:00,Baltimore Ravens_2024,Houston Texans_2024
775,99,1:00,Cincinnati Bengals_2024,Detroit Lions_2024
776,99,1:00,Cincinnati Bengals_2024,Chicago Bears_2024
777,99,1:00,Cincinnati Bengals_2024,Minnesota Vikings_2024
778,99,1:00,Cincinnati Bengals_2024,Green Bay Packers_2024
779,99,1:00,Cincinnati Bengals_2024,New York Giants_2024
780,99,1:00,Cincinnati Bengals_2024,Philadelphia Eagles_2024
781,99,1:00,Cincinnati Bengals_2024,Dallas Cowboys_2024
782,99,1:00,Cincinnati Bengals_2024,Washington Commanders_2024
783,99,1:00,Cincinnati Bengals_2024,San Francisco 49ers_2024
784,99,1:00,Cincinnati Bengals_2024,Seattle Seahawks_2024
785,99,1:00,Cincinnati Bengals_2024,Los Angeles Rams_2024
786,99,1:00,Cincinnati Bengals_2024,Arizona Cardinals_2024
787,99,1:00,Cincinnati Bengals_2024,Tampa Bay Buccaneers_2024
788,99,1:00,Cincinnati Bengals_2024,New Orleans Saints_2024
789,99,1:00,Cincinnati Bengals_2024,Carolina Panthers_2024
790,99,1:00,Cincinnati Bengals_2024,Atlanta Falcons_2024
791,99,1:00,Cincinnati Bengals_2024,Kansas City Chiefs_2024
792,99,1:00,Cincinnati Bengals_2024,Los Angeles Chargers_2024
793,99,1:00,Cincinnati Bengals_2024,Denver Broncos_2024
794,99,1:00,Cincinnati Bengals_2024,Las Vegas Raiders_2024
795,99,1:00,Cincinnati Bengals_2024,Buffalo Bills_2024
796,99,1:00,Cincinnati Bengals_2024,Miami Dolphins_2024
797,99,1:00,Cincinnati Bengals_2024,New England Patriots_2024
798,99,1:00,Cincinnati Bengals_2024,New York Jets_2024
799,99,1:00,Cincinnati Bengals_2024,Baltimore Ravens_2024
800,99,1:00,Cincinnati Bengals_2024,Cleveland Browns_2024
801,99,1:00,Cincinnati Bengals_2024,Pittsburgh Steelers_2024
802,99,1:00,Cincinnati Bengals_2024,Tennessee Titans_2024
803,99,1:00,Cincinnati Bengals_2024,Indianapolis Colts_2024
804,99,1:00,Cincinnati Bengals_2024,Jacksonville Jaguars_2024
805,99,1:00,Cincinnati Bengals_2024,Houston Texans_2024
806,99,1:00,Cleveland Browns_2024,Detroit Lions_2024
807,99,1:00,Cleveland Browns_2024,Chicago Bears_2024
808,99,1:00,Cleveland Browns_2024,Minnesota Vikings_2024
809,99,1:00,Cleveland Browns_2024,Green Bay Packers_2024
810,99,1:00,Cleveland Browns_2024,New York Giants_2024
811,99,1:00,Cleveland Browns_2024,Philadelphia Eagles_2024
812,99,1:00,Cleveland Browns_2024,Dallas Cowboys_2024
813,99,1:00,Cleveland Browns_2024,Washington Commanders_2024
814,99,1:00,Cleveland Browns_2024,San Francisco 49ers_2024
815,99,1:00,Cleveland Browns_2024,Seattle Seahawks_2024
816,99,1:00,Cleveland Browns_2024,Los Angeles Rams_2024
817,99,1:00,Cleveland Browns_2024,Arizona Cardinals_2024
818,99,1:00,Cleveland Browns_2024,Tampa Bay Buccaneers_2024
819,99,1:00,Cleveland Browns_2024,New Orleans Saints_2024
820,99,1:00,Cleveland Browns_2024,Carolina Panthers_2024
821,99,1:00,Cleveland Browns_2024,Atlanta Falcons_2024
822,99,1:00,Cleveland Browns_2024,Kansas City Chiefs_2024
823,99,1:00,Cleveland Browns_2024,Los Angeles Chargers_2024
824,99,1:00,Cleveland Browns_2024,Denver Broncos_2024
825,99,1:00,Cleveland Browns_2024,Las Vegas Raiders_2024
826,99,1:00,Cleveland Browns_2024,Buffalo Bills_2024
827,99,1:00,Cleveland Browns_2024,Miami Dolphins_2024
828,99,1:00,Cleveland Browns_2024,New England Patriots_2024
829,99,1:00,Cleveland Browns_2024,New York Jets_2024
830,99,1:00,Cleveland Browns_2024,Baltimore Ravens_2024
831,99,1:00,Cleveland Browns_2024,Cincinnati Bengals_2024
832,99,1:00,Cleveland Browns_2024,Pittsburgh Steelers_2024
833,99,1:00,Cleveland Browns_2024,Tennessee Titans_2024
834,99,1:00,Cleveland Browns_2024,Indianapolis Colts_2024
835,99,1:00,Cleveland Browns_2024,Jacksonville Jaguars_2024
836,99,1:00,Cleveland Browns_2024,Houston Texans_2024
837,99,1:00,Pittsburgh Steelers_2024,Detroit Lions_2024
838,99,1:00,Pittsburgh Steelers_2024,Chicago Bears_2024
839,99,1:00,Pittsburgh Steelers_2024,Minnesota Vikings_2024
840,99,1:00,Pittsburgh Steelers_2024,Green Bay Packers_2024
841,99,1:00,Pittsburgh Steelers_2024,New York Giants_2024
842,99,1:00,Pittsburgh Steelers_2024,Philadelphia Eagles_2024
843,99,1:00,Pittsburgh Steelers_2024,Dallas Cowboys_2024
844,99,1:00,Pittsburgh Steelers_2024,Washington Commanders_2024
845,99,1:00,Pittsburgh Steelers_2024,San Francisco 49ers_2024
846,99,1:00,Pittsburgh Steelers_2024,Seattle Seahawks_2024
847,99,1:00,Pittsburgh Steelers_2024,Los Angeles Rams_2024
848,99,1:00,Pittsburgh Steelers_2024,Arizona Cardinals_2024
849,99,1:00,Pittsburgh Steelers_2024,Tampa Bay Buccaneers_2024
850,99,1:00,Pittsburgh Steelers_2024,New Orleans Saints_2024
851,99,1:00,Pittsburgh Steelers_2024,Carolina Panthers_2024
852,99,1:00,Pittsburgh Steelers_2024,Atlanta Falcons_2024
853,99,1:00,Pittsburgh Steelers_2024,Kansas City Chiefs_2024
854,99,1:00,Pittsburgh Steelers_2024,Los Angeles Chargers_2024
855,99,1:00,Pittsburgh Steelers_2024,Denver Broncos_2024
856,99,1:00,Pittsburgh Steelers_2024,Las Vegas Raiders_2024
857,99,1:00,Pittsburgh Steelers_2024,Buffalo Bills_2024
858,99,1:00,Pittsburgh Steelers_2024,Miami Dolphins_2024
859,99,1:00,Pittsburgh Steelers_2024,New England Patriots_2024
860,99,1:00,Pittsburgh Steelers_2024,New York Jets_2024
861,99,1:00,Pittsburgh Steelers_2024,Baltimore Ravens_2024
862,99,1:00,Pittsburgh Steelers_2024,Cincinnati Bengals_2024
863,99,1:00,Pittsburgh Steelers_2024,Cleveland Browns_2024
864,99,1:00,Pittsburgh Steelers_2024,Tennessee Titans_2024
865,99,1:00,Pittsburgh Steelers_2024,Indianapolis Colts_2024
866,99,1:00,Pittsburgh Steelers_2024,Jacksonville Jaguars_2024
867,99,1:00,Pittsburgh Steelers_2024,Houston Texans_2024
868,99,1:00,Tennessee Titans_2024,Detroit Lions_2024
869,99,1:00,Tennessee Titans_2024,Chicago Bears_2024
870,99,1:00,Tennessee Titans_2024,Minnesota Vikings_2024
871,99,1:00,Tennessee Titans_2024,Green Bay Packers_2024
872,99,1:00,Tennessee Titans_2024,New York Giants_2024
873,99,1:00,Tennessee Titans_2024,Philadelphia Eagles_2024
874,99,1:00,Tennessee Titans_2024,Dallas Cowboys_2024
875,99,1:00,Tennessee Titans_2024,Washington Commanders_2024
876,99,1:00,Tennessee Titans_2024,San Francisco 49ers_2024
877,99,1:00,Tennessee Titans_2024,Seattle Seahawks_2024
878,99,1:00,Tennessee Titans_2024,Los Angeles Rams_2024
879,99,1:00,Tennessee Titans_2024,Arizona Cardinals_2024
880,99,1:00,Tennessee Titans_2024,Tampa Bay Buccaneers_2024
881,99,1:00,Tennessee Titans_2024,New Orleans Saints_2024
882,99,1:00,Tennessee Titans_2024,Carolina Panthers_2024
883,99,1:00,Tennessee Titans_2024,Atlanta Falcons_2024
884,99,1:00,Tennessee Titans_2024,Kansas City Chiefs_2024
885,99,1:00,Tennessee Titans_2024,Los Angeles Chargers_2024
886,99,1:00,Tennessee Titans_2024,Denver Broncos_2024
887,99,1:00,Tennessee Titans_2024,Las Vegas Raiders_2024
888,99,1:00,Tennessee Titans_2024,Buffalo Bills_2024
889,99,1:00,Tennessee Titans_2024,Miami Dolphins_2024
890,99,1:00,Tennessee Titans_2024,New England Patriots_2024
891,99,1:00,Tennessee Titans_2024,New York Jets_2024
892,99,1:00,Tennessee Titans_2024,Baltimore Ravens_2024
893,99,1:00,Tennessee Titans_2024,Cincinnati Bengals_2024
894,99,1:00,Tennessee Titans_2024,Cleveland Browns_2024
895,99,1:00,Tennessee Titans_2024,Pittsburgh Steelers_2024
896,99,1:00,Tennessee Titans_2024,Indianapolis Colts_2024
897,99,1:00,Tennessee Titans_2024,Jacksonville Jaguars_2024
898,99,1:00,Tennessee Titans_2024,Houston Texans_2024
899,99,1:00,Indianapolis Colts_2024,Detroit Lions_2024
900,99,1:00,Indianapolis Colts_2024,Chicago Bears_2024
901,99,1:00,Indianapolis Colts_2024,Minnesota Vikings_2024
902,99,1:00,Indianapolis Colts_2024,Green Bay Packers_2024
903,99,1:00,Indianapolis Colts_2024,New York Giants_2024
904,99,1:00,Indianapolis Colts_2024,Philadelphia Eagles_2024
905,99,1:00,Indianapolis Colts_2024,Dallas Cowboys_2024
906,99,1:00,Indianapolis Colts_2024,Washington Commanders_2024
907,99,1:00,Indianapolis Colts_2024,San Francisco 49ers_2024
908,99,1:00,Indianapolis Colts_2024,Seattle Seahawks_2024
909,99,1:00,Indianapolis Colts_2024,Los Angeles Rams_2024
910,99,1:00,Indianapolis Colts_2024,Arizona Cardinals_2024
911,99,1:00,Indianapolis Colts_2024,Tampa Bay Buccaneers_2024
912,99,1:00,Indianapolis Colts_2024,New Orleans Saints_2024
913,99,1:00,Indianapolis Colts_2024,Carolina Panthers_2024
914,99,1:00,Indianapolis Colts_2024,Atlanta Falcons_2024
915,99,1:00,Indianapolis Colts_2024,Kansas City Chiefs_2024
916,99,1:00,Indianapolis Colts_2024,Los Angeles Chargers_2024
917,99,1:00,Indianapolis Colts_2024,Denver Broncos_2024
918,99,1:00,Indianapolis Colts_2024,Las Vegas Raiders_2024
919,99,1:00,Indianapolis Colts_2024,Buffalo Bills_2024
920,99,1:00,Indianapolis Colts_2024,Miami Dolphins_2024
921,99,1:00,Indianapolis Colts_2024,New England Patriots_2024
922,99,1:00,Indianapolis Colts_2024,New York Jets_2024
923,99,1:00,Indianapolis Colts_2024,Baltimore Ravens_2024
924,99,1:00,Indianapolis Colts_2024,Cincinnati Bengals_2024
925,99,1:00,Indianapolis Colts_2024,Cleveland Browns_2024
926,99,1:00,Indianapolis Colts_2024,Pittsburgh Steelers_2024
927,99,1:00,Indianapolis Colts_2024,Tennessee Titans_2024
928,99,1:00,Indianapolis Colts_2024,Jacksonville Jaguars_2024
929,99,1:00,Indianapolis Colts_2024,Houston Texans_2024
930,99,1:00,Jacksonville Jaguars_2024,Detroit Lions_2024
931,99,1:00,Jacksonville Jaguars_2024,Chicago Bears_2024
932,99,1:00,Jacksonville Jaguars_2024,Minnesota Vikings_2024
933,99,1:00,Jacksonville Jaguars_2024,Green Bay Packers_2024
934,99,1:00,Jacksonville Jaguars_2024,New York Giants_2024
935,99,1:00,Jacksonville Jaguars_2024,Philadelphia Eagles_2024
936,99,1:00,Jacksonville Jaguars_2024,Dallas Cowboys_2024
937,99,1:00,Jacksonville Jaguars_2024,Washington Commanders_2024
938,99,1:00,Jacksonville Jaguars_2024,San Francisco 49ers_2024
939,99,1:00,Jacksonville Jaguars_2024,Seattle Seahawks_2024
940,99,1:00,Jacksonville Jaguars_2024,Los Angeles Rams_2024
941,99,1:00,Jacksonville Jaguars_2024,Arizona Cardinals_2024
942,99,1:00,Jacksonville Jaguars_2024,Tampa Bay Buccaneers_2024
943,99,1:00,Jacksonville Jaguars_2024,New Orleans Saints_2024
944,99,1:00,Jacksonville Jaguars_2024,Carolina Panthers_2024
945,99,1:00,Jacksonville Jaguars_2024,Atlanta Falcons_2024
946,99,1:00,Jacksonville Jaguars_2024,Kansas City Chiefs_2024
947,99,1:00,Jacksonville Jaguars_2024,Los Angeles Chargers_2024
948,99,1:00,Jacksonville Jaguars_2024,Denver Broncos_2024
949,99,1:00,Jacksonville Jaguars_2024,Las Vegas Raiders_2024
950,99,1:00,Jacksonville Jaguars_2024,Buffalo Bills_2024
951,99,1:00,Jacksonville Jaguars_2024,Miami Dolphins_2024
952,99,1:00,Jacksonville Jaguars_2024,New England Patriots_2024
953,99,1:00,Jacksonville Jaguars_2024,New York Jets_2024
954,99,1:00,Jacksonville Jaguars_2024,Baltimore Ravens_2024
955,99,1:00,Jacksonville Jaguars_2024,Cincinnati Bengals_2024
956,99,1:00,Jacksonville Jaguars_2024,Cleveland Browns_2024
957,99,1:00,Jacksonville Jaguars_2024,Pittsburgh Steelers_2024
958,99,1:00,Jacksonville Jaguars_2024,Tennessee Titans_2024
959,99,1:00,Jacksonville Jaguars_2024,Indianapolis Colts_2024
960,99,1:00,Jacksonville Jaguars_2024,Houston Texans_2024
961,99,1:00,Houston Texans_2024,Detroit Lions_2024
962,99,1:00,Houston Texans_2024,Chicago Bears_2024
963,99,1:00,Houston Texans_2024,Minnesota Vikings_2024
964,99,1:00,Houston Texans_2024,Green Bay Packers_2024
965,99,1:00,Houston Texans_2024,New York Giants_2024
966,99,1:00,Houston Texans_2024,Philadelphia Eagles_2024
967,99,1:00,Houston Texans_2024,Dallas Cowboys_2024
968,99,1:00,Houston Texans_2024,Washington Commanders_2024
969,99,1:00,Houston Texans_2024,San Francisco 49ers_2024
970,99,1:00,Houston Texans_2024,Seattle Seahawks_2024
971,99,1:00,Houston Texans_2024,Los Angeles Rams_2024
972,99,1:00,Houston Texans_2024,Arizona Cardinals_2024
973,99,1:00,Houston Texans_2024,Tampa Bay Buccaneers_2024
974,99,1:00,Houston Texans_2024,New Orleans Saints_2024
975,99,1:00,Houston Texans_2024,Carolina Panthers_2024
976,99,1:00,Houston Texans_2024,Atlanta Falcons_2024
977,99,1:00,Houston Texans_2024,Kansas City Chiefs_2024
978,99,1:00,Houston Texans_2024,Los Angeles Chargers_2024
979,99,1:00,Houston Texans_2024,Denver Broncos_2024
980,99,1:00,Houston Texans_2024,Las Vegas Raiders_2024
981,99,1:00,Houston Texans_2024,Buffalo Bills_2024
982,99,1:00,Houston Texans_2024,Miami Dolphins_2024
983,99,1:00,Houston Texans_2024,New England Patriots_2024
984,99,1:00,Houston Texans_2024,New York Jets_2024
985,99,1:00,Houston Texans_2024,Baltimore Ravens_2024
986,99,1:00,Houston Texans_2024,Cincinnati Bengals_2024
987,99,1:00,Houston Texans_2024,Cleveland Browns_2024
988,99,1:00,Houston Texans_2024,Pittsburgh Steelers_2024
989,99,1:00,Houston Texans_2024,Tennessee Titans_2024
990,99,1:00,Houston Texans_2024,Indianapolis Colts_2024
991,99,1:00,Houston Texans_2024,Jacksonville Jaguars_2024
