,Week,Away,Away_spread,Home,Home_spread
0,99,Chicago Bears,+12.0,Detroit Lions,-12.0
1,99,Minnesota Vikings,+9.5,Detroit Lions,-9.5
2,99,Green Bay Packers,+2.6,Detroit Lions,-2.6
3,99,New York Giants,+10.0,Detroit Lions,-10.0
4,99,Philadelphia Eagles,+4.3,Detroit Lions,-4.3
5,99,Dallas Cowboys,+7.5,Detroit Lions,-7.5
6,99,Washington Commanders,+1.7,Detroit Lions,-1.7
7,99,San Francisco 49ers,-1.3,Detroit Lions,+1.3
8,99,Seattle Seahawks,+11.8,Detroit Lions,-11.8
9,99,Los Angeles Rams,+10.5,Detroit Lions,-10.5
10,99,Arizona Cardinals,+3.3,Detroit Lions,-3.3
11,99,Tampa Bay Buccaneers,-0.1,Detroit Lions,+0.1
12,99,New Orleans Saints,+13.2,Detroit Lions,-13.2
13,99,Carolina Panthers,+4.2,Detroit Lions,-4.2
14,99,Atlanta Falcons,+1.3,Detroit Lions,-1.3
15,99,Kansas City Chiefs,+11.2,Detroit Lions,-11.2
16,99,Los Angeles Chargers,+11.7,Detroit Lions,-11.7
17,99,Denver Broncos,+11.3,Detroit Lions,-11.3
18,99,Las Vegas Raiders,+7.6,Detroit Lions,-7.6
19,99,Buffalo Bills,+4.7,Detroit Lions,-4.7
20,99,Miami Dolphins,+8.9,Detroit Lions,-8.9
21,99,New England Patriots,+12.2,Detroit Lions,-12.2
22,99,New York Jets,+10.7,Detroit Lions,-10.7
23,99,Baltimore Ravens,+2.7,Detroit Lions,-2.7
24,99,Cincinnati Bengals,-1.3,Detroit Lions,+1.3
25,99,Cleveland Browns,+7.5,Detroit Lions,-7.5
26,99,Pittsburgh Steelers,+10.8,Detroit Lions,-10.8
27,99,Tennessee Titans,+7.4,Detroit Lions,-7.4
28,99,Indianapolis Colts,+12.7,Detroit Lions,-12.7
29,99,Jacksonville Jaguars,+10.4,Detroit Lions,-10.4
30,99,Houston Texans,+10.5,Detroit Lions,-10.5
31,99,Detroit Lions,-5.0,Chicago Bears,+5.0
32,99,Minnesota Vikings,-7.2,Chicago Bears,+7.2
33,99,Green Bay Packers,-1.1,Chicago Bears,+1.1
34,99,New York Giants,+10.5,Chicago Bears,-10.5
35,99,Philadelphia Eagles,+3.2,Chicago Bears,-3.2
36,99,Dallas Cowboys,+9.7,Chicago Bears,-9.7
37,99,Washington Commanders,+5.8,Chicago Bears,-5.8
38,99,San Francisco 49ers,+1.3,Chicago Bears,-1.3
39,99,Seattle Seahawks,+5.7,Chicago Bears,-5.7
40,99,Los Angeles Rams,+8.3,Chicago Bears,-8.3
41,99,Arizona Cardinals,+9.1,Chicago Bears,-9.1
42,99,Tampa Bay Buccaneers,+2.4,Chicago Bears,-2.4
43,99,New Orleans Saints,+9.5,Chicago Bears,-9.5
44,99,Carolina Panthers,+3.3,Chicago Bears,-3.3
45,99,Atlanta Falcons,+9.9,Chicago Bears,-9.9
46,99,Kansas City Chiefs,-3.5,Chicago Bears,+3.5
47,99,Los Angeles Chargers,-2.4,Chicago Bears,+2.4
48,99,Denver Broncos,+0.6,Chicago Bears,-0.6
49,99,Las Vegas Raiders,+7.7,Chicago Bears,-7.7
50,99,Buffalo Bills,+1.4,Chicago Bears,-1.4
51,99,Miami Dolphins,+0.2,Chicago Bears,-0.2
52,99,New England Patriots,+7.2,Chicago Bears,-7.2
53,99,New York Jets,+6.4,Chicago Bears,-6.4
54,99,Baltimore Ravens,+0.0,Chicago Bears,-0.0
55,99,Cincinnati Bengals,+6.5,Chicago Bears,-6.5
56,99,Cleveland Browns,+9.2,Chicago Bears,-9.2
57,99,Pittsburgh Steelers,+4.7,Chicago Bears,-4.7
58,99,Tennessee Titans,+9.5,Chicago Bears,-9.5
59,99,Indianapolis Colts,+3.9,Chicago Bears,-3.9
60,99,Jacksonville Jaguars,+10.3,Chicago Bears,-10.3
61,99,Houston Texans,+1.2,Chicago Bears,-1.2
62,99,Detroit Lions,-7.5,Minnesota Vikings,+7.5
63,99,Chicago Bears,+10.1,Minnesota Vikings,-10.1
64,99,Green Bay Packers,-1.5,Minnesota Vikings,+1.5
65,99,New York Giants,+9.8,Minnesota Vikings,-9.8
66,99,Philadelphia Eagles,+2.2,Minnesota Vikings,-2.2
67,99,Dallas Cowboys,+5.6,Minnesota Vikings,-5.6
68,99,Washington Commanders,+4.5,Minnesota Vikings,-4.5
69,99,San Francisco 49ers,-5.5,Minnesota Vikings,+5.5
70,99,Seattle Seahawks,+3.2,Minnesota Vikings,-3.2
71,99,Los Angeles Rams,+5.4,Minnesota Vikings,-5.4
72,99,Arizona Cardinals,+0.1,Minnesota Vikings,-0.1
73,99,Tampa Bay Buccaneers,-7.5,Minnesota Vikings,+7.5
74,99,New Orleans Saints,+10.8,Minnesota Vikings,-10.8
75,99,Carolina Panthers,+11.4,Minnesota Vikings,-11.4
76,99,Atlanta Falcons,-1.9,Minnesota Vikings,+1.9
77,99,Kansas City Chiefs,-2.7,Minnesota Vikings,+2.7
78,99,Los Angeles Chargers,-0.0,Minnesota Vikings,+0.0
79,99,Denver Broncos,+1.8,Minnesota Vikings,-1.8
80,99,Las Vegas Raiders,+6.3,Minnesota Vikings,-6.3
81,99,Buffalo Bills,-1.9,Minnesota Vikings,+1.9
82,99,Miami Dolphins,+1.4,Minnesota Vikings,-1.4
83,99,New England Patriots,+10.4,Minnesota Vikings,-10.4
84,99,New York Jets,+2.7,Minnesota Vikings,-2.7
85,99,Baltimore Ravens,+0.3,Minnesota Vikings,-0.3
86,99,Cincinnati Bengals,-11.1,Minnesota Vikings,+11.1
87,99,Cleveland Browns,+10.0,Minnesota Vikings,-10.0
88,99,Pittsburgh Steelers,+7.2,Minnesota Vikings,-7.2
89,99,Tennessee Titans,+5.1,Minnesota Vikings,-5.1
90,99,Indianapolis Colts,+10.0,Minnesota Vikings,-10.0
91,99,Jacksonville Jaguars,+11.2,Minnesota Vikings,-11.2
92,99,Houston Texans,+6.9,Minnesota Vikings,-6.9
93,99,Detroit Lions,-7.7,Green Bay Packers,+7.7
94,99,Chicago Bears,+12.2,Green Bay Packers,-12.2
95,99,Minnesota Vikings,-2.3,Green Bay Packers,+2.3
96,99,New York Giants,+12.2,Green Bay Packers,-12.2
97,99,Philadelphia Eagles,-2.5,Green Bay Packers,+2.5
98,99,Dallas Cowboys,+9.0,Green Bay Packers,-9.0
99,99,Washington Commanders,+1.0,Green Bay Packers,-1.0
100,99,San Francisco 49ers,+0.3,Green Bay Packers,-0.3
101,99,Seattle Seahawks,+4.0,Green Bay Packers,-4.0
102,99,Los Angeles Rams,+6.7,Green Bay Packers,-6.7
103,99,Arizona Cardinals,+6.7,Green Bay Packers,-6.7
104,99,Tampa Bay Buccaneers,-2.7,Green Bay Packers,+2.7
105,99,New Orleans Saints,+10.7,Green Bay Packers,-10.7
106,99,Carolina Panthers,+8.3,Green Bay Packers,-8.3
107,99,Atlanta Falcons,+2.8,Green Bay Packers,-2.8
108,99,Kansas City Chiefs,+4.6,Green Bay Packers,-4.6
109,99,Los Angeles Chargers,+3.7,Green Bay Packers,-3.7
110,99,Denver Broncos,+4.6,Green Bay Packers,-4.6
111,99,Las Vegas Raiders,+9.8,Green Bay Packers,-9.8
112,99,Buffalo Bills,-1.0,Green Bay Packers,+1.0
113,99,Miami Dolphins,+8.4,Green Bay Packers,-8.4
114,99,New England Patriots,+12.2,Green Bay Packers,-12.2
115,99,New York Jets,+8.7,Green Bay Packers,-8.7
116,99,Baltimore Ravens,-2.1,Green Bay Packers,+2.1
117,99,Cincinnati Bengals,+2.2,Green Bay Packers,-2.2
118,99,Cleveland Browns,+11.5,Green Bay Packers,-11.5
119,99,Pittsburgh Steelers,+11.3,Green Bay Packers,-11.3
120,99,Tennessee Titans,+10.6,Green Bay Packers,-10.6
121,99,Indianapolis Colts,+10.6,Green Bay Packers,-10.6
122,99,Jacksonville Jaguars,+7.2,Green Bay Packers,-7.2
123,99,Houston Texans,+7.2,Green Bay Packers,-7.2
124,99,Detroit Lions,-7.4,New York Giants,+7.4
125,99,Chicago Bears,+9.7,New York Giants,-9.7
126,99,Minnesota Vikings,-4.4,New York Giants,+4.4
127,99,Green Bay Packers,-2.0,New York Giants,+2.0
128,99,Philadelphia Eagles,-5.8,New York Giants,+5.8
129,99,Dallas Cowboys,+8.7,New York Giants,-8.7
130,99,Washington Commanders,+9.8,New York Giants,-9.8
131,99,San Francisco 49ers,+1.3,New York Giants,-1.3
132,99,Seattle Seahawks,+4.7,New York Giants,-4.7
133,99,Los Angeles Rams,+8.3,New York Giants,-8.3
134,99,Arizona Cardinals,+9.0,New York Giants,-9.0
135,99,Tampa Bay Buccaneers,-5.8,New York Giants,+5.8
136,99,New Orleans Saints,+9.5,New York Giants,-9.5
137,99,Carolina Panthers,+3.7,New York Giants,-3.7
138,99,Atlanta Falcons,+9.9,New York Giants,-9.9
139,99,Kansas City Chiefs,-1.4,New York Giants,+1.4
140,99,Los Angeles Chargers,+5.4,New York Giants,-5.4
141,99,Denver Broncos,+2.2,New York Giants,-2.2
142,99,Las Vegas Raiders,+10.1,New York Giants,-10.1
143,99,Buffalo Bills,+2.5,New York Giants,-2.5
144,99,Miami Dolphins,+7.9,New York Giants,-7.9
145,99,New England Patriots,+6.0,New York Giants,-6.0
146,99,New York Jets,+6.4,New York Giants,-6.4
147,99,Baltimore Ravens,-1.6,New York Giants,+1.6
148,99,Cincinnati Bengals,+3.1,New York Giants,-3.1
149,99,Cleveland Browns,+10.0,New York Giants,-10.0
150,99,Pittsburgh Steelers,+5.3,New York Giants,-5.3
151,99,Tennessee Titans,+7.9,New York Giants,-7.9
152,99,Indianapolis Colts,+2.8,New York Giants,-2.8
153,99,Jacksonville Jaguars,+10.7,New York Giants,-10.7
154,99,Houston Texans,+4.7,New York Giants,-4.7
155,99,Detroit Lions,-7.8,Philadelphia Eagles,+7.8
156,99,Chicago Bears,+12.8,Philadelphia Eagles,-12.8
157,99,Minnesota Vikings,-4.5,Philadelphia Eagles,+4.5
158,99,Green Bay Packers,-0.2,Philadelphia Eagles,+0.2
159,99,New York Giants,+4.7,Philadelphia Eagles,-4.7
160,99,Dallas Cowboys,+12.7,Philadelphia Eagles,-12.7
161,99,Washington Commanders,+3.5,Philadelphia Eagles,-3.5
162,99,San Francisco 49ers,+1.0,Philadelphia Eagles,-1.0
163,99,Seattle Seahawks,+7.7,Philadelphia Eagles,-7.7
164,99,Los Angeles Rams,+11.8,Philadelphia Eagles,-11.8
165,99,Arizona Cardinals,+5.1,Philadelphia Eagles,-5.1
166,99,Tampa Bay Buccaneers,-7.1,Philadelphia Eagles,+7.1
167,99,New Orleans Saints,+6.5,Philadelphia Eagles,-6.5
168,99,Carolina Panthers,+9.3,Philadelphia Eagles,-9.3
169,99,Atlanta Falcons,+7.4,Philadelphia Eagles,-7.4
170,99,Kansas City Chiefs,+1.8,Philadelphia Eagles,-1.8
171,99,Los Angeles Chargers,+6.3,Philadelphia Eagles,-6.3
172,99,Denver Broncos,+0.1,Philadelphia Eagles,-0.1
173,99,Las Vegas Raiders,+13.3,Philadelphia Eagles,-13.3
174,99,Buffalo Bills,-3.9,Philadelphia Eagles,+3.9
175,99,Miami Dolphins,+3.1,Philadelphia Eagles,-3.1
176,99,New England Patriots,+11.5,Philadelphia Eagles,-11.5
177,99,New York Jets,+6.3,Philadelphia Eagles,-6.3
178,99,Baltimore Ravens,+1.8,Philadelphia Eagles,-1.8
179,99,Cincinnati Bengals,+1.3,Philadelphia Eagles,-1.3
180,99,Cleveland Browns,+12.8,Philadelphia Eagles,-12.8
181,99,Pittsburgh Steelers,+9.2,Philadelphia Eagles,-9.2
182,99,Tennessee Titans,+11.2,Philadelphia Eagles,-11.2
183,99,Indianapolis Colts,+8.1,Philadelphia Eagles,-8.1
184,99,Jacksonville Jaguars,+10.3,Philadelphia Eagles,-10.3
185,99,Houston Texans,+9.4,Philadelphia Eagles,-9.4
186,99,Detroit Lions,-8.0,Dallas Cowboys,+8.0
187,99,Chicago Bears,+9.9,Dallas Cowboys,-9.9
188,99,Minnesota Vikings,-3.9,Dallas Cowboys,+3.9
189,99,Green Bay Packers,-6.2,Dallas Cowboys,+6.2
190,99,New York Giants,+12.0,Dallas Cowboys,-12.0
191,99,Philadelphia Eagles,+0.5,Dallas Cowboys,-0.5
192,99,Washington Commanders,-1.2,Dallas Cowboys,+1.2
193,99,San Francisco 49ers,-9.8,Dallas Cowboys,+9.8
194,99,Seattle Seahawks,+1.1,Dallas Cowboys,-1.1
195,99,Los Angeles Rams,-3.3,Dallas Cowboys,+3.3
196,99,Arizona Cardinals,+0.4,Dallas Cowboys,-0.4
197,99,Tampa Bay Buccaneers,-4.8,Dallas Cowboys,+4.8
198,99,New Orleans Saints,+9.7,Dallas Cowboys,-9.7
199,99,Carolina Panthers,+3.6,Dallas Cowboys,-3.6
200,99,Atlanta Falcons,-6.4,Dallas Cowboys,+6.4
201,99,Kansas City Chiefs,-8.4,Dallas Cowboys,+8.4
202,99,Los Angeles Chargers,+5.4,Dallas Cowboys,-5.4
203,99,Denver Broncos,+0.3,Dallas Cowboys,-0.3
204,99,Las Vegas Raiders,+12.8,Dallas Cowboys,-12.8
205,99,Buffalo Bills,-1.7,Dallas Cowboys,+1.7
206,99,Miami Dolphins,-4.2,Dallas Cowboys,+4.2
207,99,New England Patriots,+10.1,Dallas Cowboys,-10.1
208,99,New York Jets,-3.7,Dallas Cowboys,+3.7
209,99,Baltimore Ravens,-4.3,Dallas Cowboys,+4.3
210,99,Cincinnati Bengals,-6.3,Dallas Cowboys,+6.3
211,99,Cleveland Browns,+11.1,Dallas Cowboys,-11.1
212,99,Pittsburgh Steelers,+8.3,Dallas Cowboys,-8.3
213,99,Tennessee Titans,+9.2,Dallas Cowboys,-9.2
214,99,Indianapolis Colts,+4.7,Dallas Cowboys,-4.7
215,99,Jacksonville Jaguars,+10.8,Dallas Cowboys,-10.8
216,99,Houston Texans,-5.0,Dallas Cowboys,+5.0
217,99,Detroit Lions,-6.1,Washington Commanders,+6.1
218,99,Chicago Bears,+12.9,Washington Commanders,-12.9
219,99,Minnesota Vikings,-3.3,Washington Commanders,+3.3
220,99,Green Bay Packers,-6.0,Washington Commanders,+6.0
221,99,New York Giants,+11.2,Washington Commanders,-11.2
222,99,Philadelphia Eagles,-1.5,Washington Commanders,+1.5
223,99,Dallas Cowboys,+4.8,Washington Commanders,-4.8
224,99,San Francisco 49ers,+0.5,Washington Commanders,-0.5
225,99,Seattle Seahawks,+8.4,Washington Commanders,-8.4
226,99,Los Angeles Rams,+2.9,Washington Commanders,-2.9
227,99,Arizona Cardinals,-5.7,Washington Commanders,+5.7
228,99,Tampa Bay Buccaneers,-2.8,Washington Commanders,+2.8
229,99,New Orleans Saints,+7.0,Washington Commanders,-7.0
230,99,Carolina Panthers,+4.6,Washington Commanders,-4.6
231,99,Atlanta Falcons,-0.4,Washington Commanders,+0.4
232,99,Kansas City Chiefs,-0.6,Washington Commanders,+0.6
233,99,Los Angeles Chargers,+2.3,Washington Commanders,-2.3
234,99,Denver Broncos,+2.3,Washington Commanders,-2.3
235,99,Las Vegas Raiders,+11.0,Washington Commanders,-11.0
236,99,Buffalo Bills,-5.7,Washington Commanders,+5.7
237,99,Miami Dolphins,+0.3,Washington Commanders,-0.3
238,99,New England Patriots,+11.4,Washington Commanders,-11.4
239,99,New York Jets,+5.6,Washington Commanders,-5.6
240,99,Baltimore Ravens,-8.6,Washington Commanders,+8.6
241,99,Cincinnati Bengals,-2.5,Washington Commanders,+2.5
242,99,Cleveland Browns,+12.9,Washington Commanders,-12.9
243,99,Pittsburgh Steelers,+0.8,Washington Commanders,-0.8
244,99,Tennessee Titans,+10.5,Washington Commanders,-10.5
245,99,Indianapolis Colts,+7.5,Washington Commanders,-7.5
246,99,Jacksonville Jaguars,-2.1,Washington Commanders,+2.1
247,99,Houston Texans,+8.4,Washington Commanders,-8.4
248,99,Detroit Lions,-9.1,San Francisco 49ers,+9.1
249,99,Chicago Bears,+11.1,San Francisco 49ers,-11.1
250,99,Minnesota Vikings,+0.3,San Francisco 49ers,-0.3
251,99,Green Bay Packers,-2.3,San Francisco 49ers,+2.3
252,99,New York Giants,+11.9,San Francisco 49ers,-11.9
253,99,Philadelphia Eagles,+1.2,San Francisco 49ers,-1.2
254,99,Dallas Cowboys,+11.0,San Francisco 49ers,-11.0
255,99,Washington Commanders,-2.8,San Francisco 49ers,+2.8
256,99,Seattle Seahawks,-2.7,San Francisco 49ers,+2.7
257,99,Los Angeles Rams,+6.9,San Francisco 49ers,-6.9
258,99,Arizona Cardinals,+1.0,San Francisco 49ers,-1.0
259,99,Tampa Bay Buccaneers,-4.4,San Francisco 49ers,+4.4
260,99,New Orleans Saints,+8.9,San Francisco 49ers,-8.9
261,99,Carolina Panthers,+4.5,San Francisco 49ers,-4.5
262,99,Atlanta Falcons,-2.8,San Francisco 49ers,+2.8
263,99,Kansas City Chiefs,-1.3,San Francisco 49ers,+1.3
264,99,Los Angeles Chargers,+0.7,San Francisco 49ers,-0.7
265,99,Denver Broncos,-1.9,San Francisco 49ers,+1.9
266,99,Las Vegas Raiders,+10.5,San Francisco 49ers,-10.5
267,99,Buffalo Bills,-5.8,San Francisco 49ers,+5.8
268,99,Miami Dolphins,-5.0,San Francisco 49ers,+5.0
269,99,New England Patriots,+8.2,San Francisco 49ers,-8.2
270,99,New York Jets,+9.6,San Francisco 49ers,-9.6
271,99,Baltimore Ravens,-6.7,San Francisco 49ers,+6.7
272,99,Cincinnati Bengals,-6.0,San Francisco 49ers,+6.0
273,99,Cleveland Browns,+13.2,San Francisco 49ers,-13.2
274,99,Pittsburgh Steelers,+7.1,San Francisco 49ers,-7.1
275,99,Tennessee Titans,+8.4,San Francisco 49ers,-8.4
276,99,Indianapolis Colts,+8.5,San Francisco 49ers,-8.5
277,99,Jacksonville Jaguars,+9.6,San Francisco 49ers,-9.6
278,99,Houston Texans,+7.9,San Francisco 49ers,-7.9
279,99,Detroit Lions,-8.6,Seattle Seahawks,+8.6
280,99,Chicago Bears,+11.8,Seattle Seahawks,-11.8
281,99,Minnesota Vikings,+1.8,Seattle Seahawks,-1.8
282,99,Green Bay Packers,-3.0,Seattle Seahawks,+3.0
283,99,New York Giants,+11.0,Seattle Seahawks,-11.0
284,99,Philadelphia Eagles,+1.1,Seattle Seahawks,-1.1
285,99,Dallas Cowboys,+5.4,Seattle Seahawks,-5.4
286,99,Washington Commanders,-7.6,Seattle Seahawks,+7.6
287,99,San Francisco 49ers,-6.9,Seattle Seahawks,+6.9
288,99,Los Angeles Rams,-1.2,Seattle Seahawks,+1.2
289,99,Arizona Cardinals,+2.3,Seattle Seahawks,-2.3
290,99,Tampa Bay Buccaneers,-6.4,Seattle Seahawks,+6.4
291,99,New Orleans Saints,+11.2,Seattle Seahawks,-11.2
292,99,Carolina Panthers,+3.7,Seattle Seahawks,-3.7
293,99,Atlanta Falcons,-4.0,Seattle Seahawks,+4.0
294,99,Kansas City Chiefs,+3.6,Seattle Seahawks,-3.6
295,99,Los Angeles Chargers,-0.1,Seattle Seahawks,+0.1
296,99,Denver Broncos,-0.1,Seattle Seahawks,+0.1
297,99,Las Vegas Raiders,+10.2,Seattle Seahawks,-10.2
298,99,Buffalo Bills,+4.1,Seattle Seahawks,-4.1
299,99,Miami Dolphins,+0.9,Seattle Seahawks,-0.9
300,99,New England Patriots,+10.8,Seattle Seahawks,-10.8
301,99,New York Jets,+4.5,Seattle Seahawks,-4.5
302,99,Baltimore Ravens,-6.1,Seattle Seahawks,+6.1
303,99,Cincinnati Bengals,-10.3,Seattle Seahawks,+10.3
304,99,Cleveland Browns,+9.4,Seattle Seahawks,-9.4
305,99,Pittsburgh Steelers,+2.7,Seattle Seahawks,-2.7
306,99,Tennessee Titans,+8.0,Seattle Seahawks,-8.0
307,99,Indianapolis Colts,+8.7,Seattle Seahawks,-8.7
308,99,Jacksonville Jaguars,+5.5,Seattle Seahawks,-5.5
309,99,Houston Texans,+8.0,Seattle Seahawks,-8.0
310,99,Detroit Lions,-10.0,Los Angeles Rams,+10.0
311,99,Chicago Bears,+12.1,Los Angeles Rams,-12.1
312,99,Minnesota Vikings,-8.4,Los Angeles Rams,+8.4
313,99,Green Bay Packers,-6.5,Los Angeles Rams,+6.5
314,99,New York Giants,+11.1,Los Angeles Rams,-11.1
315,99,Philadelphia Eagles,-2.5,Los Angeles Rams,+2.5
316,99,Dallas Cowboys,+4.7,Los Angeles Rams,-4.7
317,99,Washington Commanders,-9.5,Los Angeles Rams,+9.5
318,99,San Francisco 49ers,-7.8,Los Angeles Rams,+7.8
319,99,Seattle Seahawks,+0.2,Los Angeles Rams,-0.2
320,99,Arizona Cardinals,+7.2,Los Angeles Rams,-7.2
321,99,Tampa Bay Buccaneers,-8.4,Los Angeles Rams,+8.4
322,99,New Orleans Saints,+8.9,Los Angeles Rams,-8.9
323,99,Carolina Panthers,+4.8,Los Angeles Rams,-4.8
324,99,Atlanta Falcons,+1.6,Los Angeles Rams,-1.6
325,99,Kansas City Chiefs,-1.0,Los Angeles Rams,+1.0
326,99,Los Angeles Chargers,+6.6,Los Angeles Rams,-6.6
327,99,Denver Broncos,-1.0,Los Angeles Rams,+1.0
328,99,Las Vegas Raiders,+9.4,Los Angeles Rams,-9.4
329,99,Buffalo Bills,-6.1,Los Angeles Rams,+6.1
330,99,Miami Dolphins,+7.6,Los Angeles Rams,-7.6
331,99,New England Patriots,+12.0,Los Angeles Rams,-12.0
332,99,New York Jets,+8.6,Los Angeles Rams,-8.6
333,99,Baltimore Ravens,-4.9,Los Angeles Rams,+4.9
334,99,Cincinnati Bengals,-6.6,Los Angeles Rams,+6.6
335,99,Cleveland Browns,+11.1,Los Angeles Rams,-11.1
336,99,Pittsburgh Steelers,+7.4,Los Angeles Rams,-7.4
337,99,Tennessee Titans,+4.2,Los Angeles Rams,-4.2
338,99,Indianapolis Colts,+3.9,Los Angeles Rams,-3.9
339,99,Jacksonville Jaguars,+12.4,Los Angeles Rams,-12.4
340,99,Houston Texans,+9.9,Los Angeles Rams,-9.9
341,99,Detroit Lions,-8.9,Arizona Cardinals,+8.9
342,99,Chicago Bears,+14.0,Arizona Cardinals,-14.0
343,99,Minnesota Vikings,-1.0,Arizona Cardinals,+1.0
344,99,Green Bay Packers,-7.1,Arizona Cardinals,+7.1
345,99,New York Giants,+9.8,Arizona Cardinals,-9.8
346,99,Philadelphia Eagles,-4.5,Arizona Cardinals,+4.5
347,99,Dallas Cowboys,+8.7,Arizona Cardinals,-8.7
348,99,Washington Commanders,-3.8,Arizona Cardinals,+3.8
349,99,San Francisco 49ers,-2.7,Arizona Cardinals,+2.7
350,99,Seattle Seahawks,+5.9,Arizona Cardinals,-5.9
351,99,Los Angeles Rams,+7.6,Arizona Cardinals,-7.6
352,99,Tampa Bay Buccaneers,-7.4,Arizona Cardinals,+7.4
353,99,New Orleans Saints,+12.7,Arizona Cardinals,-12.7
354,99,Carolina Panthers,+4.8,Arizona Cardinals,-4.8
355,99,Atlanta Falcons,+2.9,Arizona Cardinals,-2.9
356,99,Kansas City Chiefs,+3.2,Arizona Cardinals,-3.2
357,99,Los Angeles Chargers,+10.4,Arizona Cardinals,-10.4
358,99,Denver Broncos,+8.5,Arizona Cardinals,-8.5
359,99,Las Vegas Raiders,+10.8,Arizona Cardinals,-10.8
360,99,Buffalo Bills,-4.0,Arizona Cardinals,+4.0
361,99,Miami Dolphins,+6.0,Arizona Cardinals,-6.0
362,99,New England Patriots,+12.5,Arizona Cardinals,-12.5
363,99,New York Jets,+7.5,Arizona Cardinals,-7.5
364,99,Baltimore Ravens,-6.0,Arizona Cardinals,+6.0
365,99,Cincinnati Bengals,+0.9,Arizona Cardinals,-0.9
366,99,Cleveland Browns,+11.1,Arizona Cardinals,-11.1
367,99,Pittsburgh Steelers,+3.1,Arizona Cardinals,-3.1
368,99,Tennessee Titans,+11.2,Arizona Cardinals,-11.2
369,99,Indianapolis Colts,+9.1,Arizona Cardinals,-9.1
370,99,Jacksonville Jaguars,+10.2,Arizona Cardinals,-10.2
371,99,Houston Texans,+5.9,Arizona Cardinals,-5.9
372,99,Detroit Lions,-0.3,Tampa Bay Buccaneers,+0.3
373,99,Chicago Bears,+10.6,Tampa Bay Buccaneers,-10.6
374,99,Minnesota Vikings,+9.5,Tampa Bay Buccaneers,-9.5
375,99,Green Bay Packers,+3.1,Tampa Bay Buccaneers,-3.1
376,99,New York Giants,+12.5,Tampa Bay Buccaneers,-12.5
377,99,Philadelphia Eagles,+2.3,Tampa Bay Buccaneers,-2.3
378,99,Dallas Cowboys,+8.2,Tampa Bay Buccaneers,-8.2
379,99,Washington Commanders,+5.8,Tampa Bay Buccaneers,-5.8
380,99,San Francisco 49ers,-1.3,Tampa Bay Buccaneers,+1.3
381,99,Seattle Seahawks,+12.4,Tampa Bay Buccaneers,-12.4
382,99,Los Angeles Rams,+12.4,Tampa Bay Buccaneers,-12.4
383,99,Arizona Cardinals,+0.9,Tampa Bay Buccaneers,-0.9
384,99,New Orleans Saints,+12.9,Tampa Bay Buccaneers,-12.9
385,99,Carolina Panthers,+8.1,Tampa Bay Buccaneers,-8.1
386,99,Atlanta Falcons,-0.6,Tampa Bay Buccaneers,+0.6
387,99,Kansas City Chiefs,+4.5,Tampa Bay Buccaneers,-4.5
388,99,Los Angeles Chargers,+8.0,Tampa Bay Buccaneers,-8.0
389,99,Denver Broncos,+5.7,Tampa Bay Buccaneers,-5.7
390,99,Las Vegas Raiders,+10.1,Tampa Bay Buccaneers,-10.1
391,99,Buffalo Bills,+6.2,Tampa Bay Buccaneers,-6.2
392,99,Miami Dolphins,+10.3,Tampa Bay Buccaneers,-10.3
393,99,New England Patriots,+10.8,Tampa Bay Buccaneers,-10.8
394,99,New York Jets,+11.2,Tampa Bay Buccaneers,-11.2
395,99,Baltimore Ravens,+2.7,Tampa Bay Buccaneers,-2.7
396,99,Cincinnati Bengals,-1.4,Tampa Bay Buccaneers,+1.4
397,99,Cleveland Browns,+6.5,Tampa Bay Buccaneers,-6.5
398,99,Pittsburgh Steelers,+10.8,Tampa Bay Buccaneers,-10.8
399,99,Tennessee Titans,+8.3,Tampa Bay Buccaneers,-8.3
400,99,Indianapolis Colts,+12.2,Tampa Bay Buccaneers,-12.2
401,99,Jacksonville Jaguars,+10.9,Tampa Bay Buccaneers,-10.9
402,99,Houston Texans,+11.6,Tampa Bay Buccaneers,-11.6
403,99,Detroit Lions,-6.0,New Orleans Saints,+6.0
404,99,Chicago Bears,+12.0,New Orleans Saints,-12.0
405,99,Minnesota Vikings,-6.6,New Orleans Saints,+6.6
406,99,Green Bay Packers,-5.5,New Orleans Saints,+5.5
407,99,New York Giants,+8.7,New Orleans Saints,-8.7
408,99,Philadelphia Eagles,-0.4,New Orleans Saints,+0.4
409,99,Dallas Cowboys,+6.8,New Orleans Saints,-6.8
410,99,Washington Commanders,+1.9,New Orleans Saints,-1.9
411,99,San Francisco 49ers,+1.2,New Orleans Saints,-1.2
412,99,Seattle Seahawks,-2.8,New Orleans Saints,+2.8
413,99,Los Angeles Rams,+5.2,New Orleans Saints,-5.2
414,99,Arizona Cardinals,+2.9,New Orleans Saints,-2.9
415,99,Tampa Bay Buccaneers,-6.0,New Orleans Saints,+6.0
416,99,Carolina Panthers,+7.2,New Orleans Saints,-7.2
417,99,Atlanta Falcons,+2.9,New Orleans Saints,-2.9
418,99,Kansas City Chiefs,+0.0,New Orleans Saints,-0.0
419,99,Los Angeles Chargers,+0.3,New Orleans Saints,-0.3
420,99,Denver Broncos,-4.6,New Orleans Saints,+4.6
421,99,Las Vegas Raiders,+9.6,New Orleans Saints,-9.6
422,99,Buffalo Bills,-4.7,New Orleans Saints,+4.7
423,99,Miami Dolphins,+0.4,New Orleans Saints,-0.4
424,99,New England Patriots,+7.8,New Orleans Saints,-7.8
425,99,New York Jets,+2.1,New Orleans Saints,-2.1
426,99,Baltimore Ravens,-6.5,New Orleans Saints,+6.5
427,99,Cincinnati Bengals,-4.1,New Orleans Saints,+4.1
428,99,Cleveland Browns,+9.9,New Orleans Saints,-9.9
429,99,Pittsburgh Steelers,+9.7,New Orleans Saints,-9.7
430,99,Tennessee Titans,+6.3,New Orleans Saints,-6.3
431,99,Indianapolis Colts,+5.1,New Orleans Saints,-5.1
432,99,Jacksonville Jaguars,+11.9,New Orleans Saints,-11.9
433,99,Houston Texans,+1.2,New Orleans Saints,-1.2
434,99,Detroit Lions,-8.9,Carolina Panthers,+8.9
435,99,Chicago Bears,+6.9,Carolina Panthers,-6.9
436,99,Minnesota Vikings,-0.5,Carolina Panthers,+0.5
437,99,Green Bay Packers,-6.7,Carolina Panthers,+6.7
438,99,New York Giants,+7.2,Carolina Panthers,-7.2
439,99,Philadelphia Eagles,-4.5,Carolina Panthers,+4.5
440,99,Dallas Cowboys,+10.5,Carolina Panthers,-10.5
441,99,Washington Commanders,-5.7,Carolina Panthers,+5.7
442,99,San Francisco 49ers,-0.0,Carolina Panthers,+0.0
443,99,Seattle Seahawks,+8.3,Carolina Panthers,-8.3
444,99,Los Angeles Rams,+8.5,Carolina Panthers,-8.5
445,99,Arizona Cardinals,-2.6,Carolina Panthers,+2.6
446,99,Tampa Bay Buccaneers,-0.5,Carolina Panthers,+0.5
447,99,New Orleans Saints,+7.6,Carolina Panthers,-7.6
448,99,Atlanta Falcons,+2.6,Carolina Panthers,-2.6
449,99,Kansas City Chiefs,+2.5,Carolina Panthers,-2.5
450,99,Los Angeles Chargers,+4.6,Carolina Panthers,-4.6
451,99,Denver Broncos,-1.1,Carolina Panthers,+1.1
452,99,Las Vegas Raiders,+9.9,Carolina Panthers,-9.9
453,99,Buffalo Bills,-6.1,Carolina Panthers,+6.1
454,99,Miami Dolphins,+6.3,Carolina Panthers,-6.3
455,99,New England Patriots,+6.8,Carolina Panthers,-6.8
456,99,New York Jets,+9.5,Carolina Panthers,-9.5
457,99,Baltimore Ravens,+0.6,Carolina Panthers,-0.6
458,99,Cincinnati Bengals,+0.9,Carolina Panthers,-0.9
459,99,Cleveland Browns,+6.1,Carolina Panthers,-6.1
460,99,Pittsburgh Steelers,+1.7,Carolina Panthers,-1.7
461,99,Tennessee Titans,+8.8,Carolina Panthers,-8.8
462,99,Indianapolis Colts,+5.3,Carolina Panthers,-5.3
463,99,Jacksonville Jaguars,+11.4,Carolina Panthers,-11.4
464,99,Houston Texans,+2.7,Carolina Panthers,-2.7
465,99,Detroit Lions,-7.5,Atlanta Falcons,+7.5
466,99,Chicago Bears,+13.9,Atlanta Falcons,-13.9
467,99,Minnesota Vikings,+2.6,Atlanta Falcons,-2.6
468,99,Green Bay Packers,-3.8,Atlanta Falcons,+3.8
469,99,New York Giants,+11.1,Atlanta Falcons,-11.1
470,99,Philadelphia Eagles,-0.2,Atlanta Falcons,+0.2
471,99,Dallas Cowboys,+8.1,Atlanta Falcons,-8.1
472,99,Washington Commanders,-5.4,Atlanta Falcons,+5.4
473,99,San Francisco 49ers,-7.8,Atlanta Falcons,+7.8
474,99,Seattle Seahawks,+9.7,Atlanta Falcons,-9.7
475,99,Los Angeles Rams,+7.0,Atlanta Falcons,-7.0
476,99,Arizona Cardinals,+1.6,Atlanta Falcons,-1.6
477,99,Tampa Bay Buccaneers,-7.9,Atlanta Falcons,+7.9
478,99,New Orleans Saints,+8.5,Atlanta Falcons,-8.5
479,99,Carolina Panthers,+8.7,Atlanta Falcons,-8.7
480,99,Kansas City Chiefs,+4.6,Atlanta Falcons,-4.6
481,99,Los Angeles Chargers,-0.3,Atlanta Falcons,+0.3
482,99,Denver Broncos,+4.6,Atlanta Falcons,-4.6
483,99,Las Vegas Raiders,+11.9,Atlanta Falcons,-11.9
484,99,Buffalo Bills,+3.0,Atlanta Falcons,-3.0
485,99,Miami Dolphins,-0.3,Atlanta Falcons,+0.3
486,99,New England Patriots,+12.4,Atlanta Falcons,-12.4
487,99,New York Jets,+11.3,Atlanta Falcons,-11.3
488,99,Baltimore Ravens,-1.0,Atlanta Falcons,+1.0
489,99,Cincinnati Bengals,+0.0,Atlanta Falcons,-0.0
490,99,Cleveland Browns,+12.7,Atlanta Falcons,-12.7
491,99,Pittsburgh Steelers,+8.2,Atlanta Falcons,-8.2
492,99,Tennessee Titans,+11.1,Atlanta Falcons,-11.1
493,99,Indianapolis Colts,+3.1,Atlanta Falcons,-3.1
494,99,Jacksonville Jaguars,+11.3,Atlanta Falcons,-11.3
495,99,Houston Texans,+11.5,Atlanta Falcons,-11.5
496,99,Detroit Lions,-9.0,Kansas City Chiefs,+9.0
497,99,Chicago Bears,+4.9,Kansas City Chiefs,-4.9
498,99,Minnesota Vikings,-5.2,Kansas City Chiefs,+5.2
499,99,Green Bay Packers,-7.5,Kansas City Chiefs,+7.5
500,99,New York Giants,+5.0,Kansas City Chiefs,-5.0
501,99,Philadelphia Eagles,+0.8,Kansas City Chiefs,-0.8
502,99,Dallas Cowboys,+7.9,Kansas City Chiefs,-7.9
503,99,Washington Commanders,-3.8,Kansas City Chiefs,+3.8
504,99,San Francisco 49ers,-0.9,Kansas City Chiefs,+0.9
505,99,Seattle Seahawks,+5.2,Kansas City Chiefs,-5.2
506,99,Los Angeles Rams,+7.7,Kansas City Chiefs,-7.7
507,99,Arizona Cardinals,+7.7,Kansas City Chiefs,-7.7
508,99,Tampa Bay Buccaneers,-7.0,Kansas City Chiefs,+7.0
509,99,New Orleans Saints,+9.8,Kansas City Chiefs,-9.8
510,99,Carolina Panthers,+4.0,Kansas City Chiefs,-4.0
511,99,Atlanta Falcons,+1.0,Kansas City Chiefs,-1.0
512,99,Los Angeles Chargers,+2.0,Kansas City Chiefs,-2.0
513,99,Denver Broncos,+0.2,Kansas City Chiefs,-0.2
514,99,Las Vegas Raiders,+8.2,Kansas City Chiefs,-8.2
515,99,Buffalo Bills,+2.5,Kansas City Chiefs,-2.5
516,99,Miami Dolphins,+5.3,Kansas City Chiefs,-5.3
517,99,New England Patriots,+10.8,Kansas City Chiefs,-10.8
518,99,New York Jets,+8.1,Kansas City Chiefs,-8.1
519,99,Baltimore Ravens,-7.7,Kansas City Chiefs,+7.7
520,99,Cincinnati Bengals,-1.2,Kansas City Chiefs,+1.2
521,99,Cleveland Browns,+5.4,Kansas City Chiefs,-5.4
522,99,Pittsburgh Steelers,+6.1,Kansas City Chiefs,-6.1
523,99,Tennessee Titans,+7.7,Kansas City Chiefs,-7.7
524,99,Indianapolis Colts,+8.7,Kansas City Chiefs,-8.7
525,99,Jacksonville Jaguars,+4.2,Kansas City Chiefs,-4.2
526,99,Houston Texans,+7.8,Kansas City Chiefs,-7.8
527,99,Detroit Lions,-8.9,Los Angeles Chargers,+8.9
528,99,Chicago Bears,+12.2,Los Angeles Chargers,-12.2
529,99,Minnesota Vikings,-6.4,Los Angeles Chargers,+6.4
530,99,Green Bay Packers,-7.5,Los Angeles Chargers,+7.5
531,99,New York Giants,+9.1,Los Angeles Chargers,-9.1
532,99,Philadelphia Eagles,-1.7,Los Angeles Chargers,+1.7
533,99,Dallas Cowboys,-0.3,Los Angeles Chargers,+0.3
534,99,Washington Commanders,+0.8,Los Angeles Chargers,-0.8
535,99,San Francisco 49ers,-0.3,Los Angeles Chargers,+0.3
536,99,Seattle Seahawks,-1.3,Los Angeles Chargers,+1.3
537,99,Los Angeles Rams,+1.6,Los Angeles Chargers,-1.6
538,99,Arizona Cardinals,+2.2,Los Angeles Chargers,-2.2
539,99,Tampa Bay Buccaneers,-6.0,Los Angeles Chargers,+6.0
540,99,New Orleans Saints,+3.8,Los Angeles Chargers,-3.8
541,99,Carolina Panthers,+3.5,Los Angeles Chargers,-3.5
542,99,Atlanta Falcons,+0.4,Los Angeles Chargers,-0.4
543,99,Kansas City Chiefs,-0.9,Los Angeles Chargers,+0.9
544,99,Denver Broncos,-1.0,Los Angeles Chargers,+1.0
545,99,Las Vegas Raiders,+10.1,Los Angeles Chargers,-10.1
546,99,Buffalo Bills,-3.5,Los Angeles Chargers,+3.5
547,99,Miami Dolphins,-1.6,Los Angeles Chargers,+1.6
548,99,New England Patriots,+10.8,Los Angeles Chargers,-10.8
549,99,New York Jets,+1.1,Los Angeles Chargers,-1.1
550,99,Baltimore Ravens,-6.8,Los Angeles Chargers,+6.8
551,99,Cincinnati Bengals,-2.3,Los Angeles Chargers,+2.3
552,99,Cleveland Browns,+8.1,Los Angeles Chargers,-8.1
553,99,Pittsburgh Steelers,+7.8,Los Angeles Chargers,-7.8
554,99,Tennessee Titans,+7.2,Los Angeles Chargers,-7.2
555,99,Indianapolis Colts,+9.1,Los Angeles Chargers,-9.1
556,99,Jacksonville Jaguars,+4.2,Los Angeles Chargers,-4.2
557,99,Houston Texans,+5.8,Los Angeles Chargers,-5.8
558,99,Detroit Lions,-8.9,Denver Broncos,+8.9
559,99,Chicago Bears,+9.9,Denver Broncos,-9.9
560,99,Minnesota Vikings,-7.0,Denver Broncos,+7.0
561,99,Green Bay Packers,-7.5,Denver Broncos,+7.5
562,99,New York Giants,+8.5,Denver Broncos,-8.5
563,99,Philadelphia Eagles,+1.0,Denver Broncos,-1.0
564,99,Dallas Cowboys,+7.1,Denver Broncos,-7.1
565,99,Washington Commanders,-1.9,Denver Broncos,+1.9
566,99,San Francisco 49ers,-0.9,Denver Broncos,+0.9
567,99,Seattle Seahawks,-0.7,Denver Broncos,+0.7
568,99,Los Angeles Rams,+8.5,Denver Broncos,-8.5
569,99,Arizona Cardinals,+7.7,Denver Broncos,-7.7
570,99,Tampa Bay Buccaneers,-7.3,Denver Broncos,+7.3
571,99,New Orleans Saints,+9.9,Denver Broncos,-9.9
572,99,Carolina Panthers,+5.6,Denver Broncos,-5.6
573,99,Atlanta Falcons,+1.1,Denver Broncos,-1.1
574,99,Kansas City Chiefs,-0.4,Denver Broncos,+0.4
575,99,Los Angeles Chargers,+7.8,Denver Broncos,-7.8
576,99,Las Vegas Raiders,+9.7,Denver Broncos,-9.7
577,99,Buffalo Bills,-7.0,Denver Broncos,+7.0
578,99,Miami Dolphins,+6.4,Denver Broncos,-6.4
579,99,New England Patriots,+10.9,Denver Broncos,-10.9
580,99,New York Jets,+10.3,Denver Broncos,-10.3
581,99,Baltimore Ravens,-5.6,Denver Broncos,+5.6
582,99,Cincinnati Bengals,-1.2,Denver Broncos,+1.2
583,99,Cleveland Browns,+7.9,Denver Broncos,-7.9
584,99,Pittsburgh Steelers,+4.1,Denver Broncos,-4.1
585,99,Tennessee Titans,+9.0,Denver Broncos,-9.0
586,99,Indianapolis Colts,+10.0,Denver Broncos,-10.0
587,99,Jacksonville Jaguars,+10.2,Denver Broncos,-10.2
588,99,Houston Texans,+6.7,Denver Broncos,-6.7
589,99,Detroit Lions,-7.4,Las Vegas Raiders,+7.4
590,99,Chicago Bears,+8.4,Las Vegas Raiders,-8.4
591,99,Minnesota Vikings,-5.3,Las Vegas Raiders,+5.3
592,99,Green Bay Packers,-3.3,Las Vegas Raiders,+3.3
593,99,New York Giants,+10.2,Las Vegas Raiders,-10.2
594,99,Philadelphia Eagles,-2.2,Las Vegas Raiders,+2.2
595,99,Dallas Cowboys,+2.9,Las Vegas Raiders,-2.9
596,99,Washington Commanders,-2.5,Las Vegas Raiders,+2.5
597,99,San Francisco 49ers,-9.6,Las Vegas Raiders,+9.6
598,99,Seattle Seahawks,+0.9,Las Vegas Raiders,-0.9
599,99,Los Angeles Rams,+4.5,Las Vegas Raiders,-4.5
600,99,Arizona Cardinals,+7.7,Las Vegas Raiders,-7.7
601,99,Tampa Bay Buccaneers,-5.9,Las Vegas Raiders,+5.9
602,99,New Orleans Saints,+5.9,Las Vegas Raiders,-5.9
603,99,Carolina Panthers,+8.0,Las Vegas Raiders,-8.0
604,99,Atlanta Falcons,-3.6,Las Vegas Raiders,+3.6
605,99,Kansas City Chiefs,-4.9,Las Vegas Raiders,+4.9
606,99,Los Angeles Chargers,+4.8,Las Vegas Raiders,-4.8
607,99,Denver Broncos,+4.6,Las Vegas Raiders,-4.6
608,99,Buffalo Bills,-2.7,Las Vegas Raiders,+2.7
609,99,Miami Dolphins,+7.3,Las Vegas Raiders,-7.3
610,99,New England Patriots,+10.1,Las Vegas Raiders,-10.1
611,99,New York Jets,+6.2,Las Vegas Raiders,-6.2
612,99,Baltimore Ravens,-6.0,Las Vegas Raiders,+6.0
613,99,Cincinnati Bengals,-5.9,Las Vegas Raiders,+5.9
614,99,Cleveland Browns,+9.4,Las Vegas Raiders,-9.4
615,99,Pittsburgh Steelers,+4.1,Las Vegas Raiders,-4.1
616,99,Tennessee Titans,+3.4,Las Vegas Raiders,-3.4
617,99,Indianapolis Colts,+3.2,Las Vegas Raiders,-3.2
618,99,Jacksonville Jaguars,+5.1,Las Vegas Raiders,-5.1
619,99,Houston Texans,+6.1,Las Vegas Raiders,-6.1
620,99,Detroit Lions,-7.9,Buffalo Bills,+7.9
621,99,Chicago Bears,+11.8,Buffalo Bills,-11.8
622,99,Minnesota Vikings,+3.1,Buffalo Bills,-3.1
623,99,Green Bay Packers,-1.6,Buffalo Bills,+1.6
624,99,New York Giants,+12.3,Buffalo Bills,-12.3
625,99,Philadelphia Eagles,+0.8,Buffalo Bills,-0.8
626,99,Dallas Cowboys,+10.1,Buffalo Bills,-10.1
627,99,Washington Commanders,-3.0,Buffalo Bills,+3.0
628,99,San Francisco 49ers,-7.3,Buffalo Bills,+7.3
629,99,Seattle Seahawks,+7.2,Buffalo Bills,-7.2
630,99,Los Angeles Rams,+6.6,Buffalo Bills,-6.6
631,99,Arizona Cardinals,+1.9,Buffalo Bills,-1.9
632,99,Tampa Bay Buccaneers,-7.9,Buffalo Bills,+7.9
633,99,New Orleans Saints,+8.5,Buffalo Bills,-8.5
634,99,Carolina Panthers,+4.2,Buffalo Bills,-4.2
635,99,Atlanta Falcons,-3.1,Buffalo Bills,+3.1
636,99,Kansas City Chiefs,-1.4,Buffalo Bills,+1.4
637,99,Los Angeles Chargers,+2.0,Buffalo Bills,-2.0
638,99,Denver Broncos,+4.6,Buffalo Bills,-4.6
639,99,Las Vegas Raiders,+10.6,Buffalo Bills,-10.6
640,99,Miami Dolphins,+4.6,Buffalo Bills,-4.6
641,99,New England Patriots,+8.1,Buffalo Bills,-8.1
642,99,New York Jets,+9.4,Buffalo Bills,-9.4
643,99,Baltimore Ravens,+1.1,Buffalo Bills,-1.1
644,99,Cincinnati Bengals,-1.3,Buffalo Bills,+1.3
645,99,Cleveland Browns,+13.1,Buffalo Bills,-13.1
646,99,Pittsburgh Steelers,+6.3,Buffalo Bills,-6.3
647,99,Tennessee Titans,+9.9,Buffalo Bills,-9.9
648,99,Indianapolis Colts,+5.9,Buffalo Bills,-5.9
649,99,Jacksonville Jaguars,+10.9,Buffalo Bills,-10.9
650,99,Houston Texans,+8.6,Buffalo Bills,-8.6
651,99,Detroit Lions,-8.6,Miami Dolphins,+8.6
652,99,Chicago Bears,+8.9,Miami Dolphins,-8.9
653,99,Minnesota Vikings,-5.6,Miami Dolphins,+5.6
654,99,Green Bay Packers,-3.8,Miami Dolphins,+3.8
655,99,New York Giants,+5.1,Miami Dolphins,-5.1
656,99,Philadelphia Eagles,-3.1,Miami Dolphins,+3.1
657,99,Dallas Cowboys,+1.9,Miami Dolphins,-1.9
658,99,Washington Commanders,-5.3,Miami Dolphins,+5.3
659,99,San Francisco 49ers,-4.6,Miami Dolphins,+4.6
660,99,Seattle Seahawks,+1.3,Miami Dolphins,-1.3
661,99,Los Angeles Rams,+6.4,Miami Dolphins,-6.4
662,99,Arizona Cardinals,-3.0,Miami Dolphins,+3.0
663,99,Tampa Bay Buccaneers,-3.0,Miami Dolphins,+3.0
664,99,New Orleans Saints,+9.8,Miami Dolphins,-9.8
665,99,Carolina Panthers,+4.3,Miami Dolphins,-4.3
666,99,Atlanta Falcons,-4.0,Miami Dolphins,+4.0
667,99,Kansas City Chiefs,+2.0,Miami Dolphins,-2.0
668,99,Los Angeles Chargers,-0.3,Miami Dolphins,+0.3
669,99,Denver Broncos,+2.4,Miami Dolphins,-2.4
670,99,Las Vegas Raiders,+5.1,Miami Dolphins,-5.1
671,99,Buffalo Bills,-3.5,Miami Dolphins,+3.5
672,99,New England Patriots,+10.8,Miami Dolphins,-10.8
673,99,New York Jets,+6.4,Miami Dolphins,-6.4
674,99,Baltimore Ravens,-6.8,Miami Dolphins,+6.8
675,99,Cincinnati Bengals,-7.3,Miami Dolphins,+7.3
676,99,Cleveland Browns,+7.9,Miami Dolphins,-7.9
677,99,Pittsburgh Steelers,+7.6,Miami Dolphins,-7.6
678,99,Tennessee Titans,+7.3,Miami Dolphins,-7.3
679,99,Indianapolis Colts,+10.0,Miami Dolphins,-10.0
680,99,Jacksonville Jaguars,+6.1,Miami Dolphins,-6.1
681,99,Houston Texans,+8.3,Miami Dolphins,-8.3
682,99,Detroit Lions,-5.8,New England Patriots,+5.8
683,99,Chicago Bears,+9.0,New England Patriots,-9.0
684,99,Minnesota Vikings,-2.7,New England Patriots,+2.7
685,99,Green Bay Packers,+0.6,New England Patriots,-0.6
686,99,New York Giants,+7.9,New England Patriots,-7.9
687,99,Philadelphia Eagles,-4.5,New England Patriots,+4.5
688,99,Dallas Cowboys,+8.7,New England Patriots,-8.7
689,99,Washington Commanders,+11.7,New England Patriots,-11.7
690,99,San Francisco 49ers,+5.8,New England Patriots,-5.8
691,99,Seattle Seahawks,+2.9,New England Patriots,-2.9
692,99,Los Angeles Rams,+8.3,New England Patriots,-8.3
693,99,Arizona Cardinals,+11.6,New England Patriots,-11.6
694,99,Tampa Bay Buccaneers,-3.9,New England Patriots,+3.9
695,99,New Orleans Saints,+9.5,New England Patriots,-9.5
696,99,Carolina Panthers,+3.6,New England Patriots,-3.6
697,99,Atlanta Falcons,+9.9,New England Patriots,-9.9
698,99,Kansas City Chiefs,-3.5,New England Patriots,+3.5
699,99,Los Angeles Chargers,+5.4,New England Patriots,-5.4
700,99,Denver Broncos,+0.5,New England Patriots,-0.5
701,99,Las Vegas Raiders,+11.6,New England Patriots,-11.6
702,99,Buffalo Bills,+7.2,New England Patriots,-7.2
703,99,Miami Dolphins,+7.3,New England Patriots,-7.3
704,99,New York Jets,+6.4,New England Patriots,-6.4
705,99,Baltimore Ravens,+0.0,New England Patriots,-0.0
706,99,Cincinnati Bengals,+6.5,New England Patriots,-6.5
707,99,Cleveland Browns,+8.6,New England Patriots,-8.6
708,99,Pittsburgh Steelers,+8.5,New England Patriots,-8.5
709,99,Tennessee Titans,+8.5,New England Patriots,-8.5
710,99,Indianapolis Colts,+4.3,New England Patriots,-4.3
711,99,Jacksonville Jaguars,+12.2,New England Patriots,-12.2
712,99,Houston Texans,+5.4,New England Patriots,-5.4
713,99,Detroit Lions,-7.2,New York Jets,+7.2
714,99,Chicago Bears,+11.2,New York Jets,-11.2
715,99,Minnesota Vikings,-9.1,New York Jets,+9.1
716,99,Green Bay Packers,-2.9,New York Jets,+2.9
717,99,New York Giants,+12.4,New York Jets,-12.4
718,99,Philadelphia Eagles,-0.6,New York Jets,+0.6
719,99,Dallas Cowboys,-3.1,New York Jets,+3.1
720,99,Washington Commanders,-5.7,New York Jets,+5.7
721,99,San Francisco 49ers,-7.3,New York Jets,+7.3
722,99,Seattle Seahawks,-3.6,New York Jets,+3.6
723,99,Los Angeles Rams,-0.8,New York Jets,+0.8
724,99,Arizona Cardinals,-3.4,New York Jets,+3.4
725,99,Tampa Bay Buccaneers,-4.1,New York Jets,+4.1
726,99,New Orleans Saints,+9.1,New York Jets,-9.1
727,99,Carolina Panthers,+5.5,New York Jets,-5.5
728,99,Atlanta Falcons,-8.1,New York Jets,+8.1
729,99,Kansas City Chiefs,-0.5,New York Jets,+0.5
730,99,Los Angeles Chargers,-4.8,New York Jets,+4.8
731,99,Denver Broncos,+5.4,New York Jets,-5.4
732,99,Las Vegas Raiders,+10.2,New York Jets,-10.2
733,99,Buffalo Bills,-4.6,New York Jets,+4.6
734,99,Miami Dolphins,-7.0,New York Jets,+7.0
735,99,New England Patriots,+10.3,New York Jets,-10.3
736,99,Baltimore Ravens,-6.1,New York Jets,+6.1
737,99,Cincinnati Bengals,-11.5,New York Jets,+11.5
738,99,Cleveland Browns,+9.4,New York Jets,-9.4
739,99,Pittsburgh Steelers,+4.0,New York Jets,-4.0
740,99,Tennessee Titans,+3.9,New York Jets,-3.9
741,99,Indianapolis Colts,+5.3,New York Jets,-5.3
742,99,Jacksonville Jaguars,+9.1,New York Jets,-9.1
743,99,Houston Texans,-0.2,New York Jets,+0.2
744,99,Detroit Lions,-2.8,Baltimore Ravens,+2.8
745,99,Chicago Bears,+8.9,Baltimore Ravens,-8.9
746,99,Minnesota Vikings,+6.6,Baltimore Ravens,-6.6
747,99,Green Bay Packers,+0.5,Baltimore Ravens,-0.5
748,99,New York Giants,+10.9,Baltimore Ravens,-10.9
749,99,Philadelphia Eagles,+5.6,Baltimore Ravens,-5.6
750,99,Dallas Cowboys,+12.8,Baltimore Ravens,-12.8
751,99,Washington Commanders,+7.9,Baltimore Ravens,-7.9
752,99,San Francisco 49ers,+6.6,Baltimore Ravens,-6.6
753,99,Seattle Seahawks,+11.8,Baltimore Ravens,-11.8
754,99,Los Angeles Rams,+10.1,Baltimore Ravens,-10.1
755,99,Arizona Cardinals,+2.0,Baltimore Ravens,-2.0
756,99,Tampa Bay Buccaneers,+1.9,Baltimore Ravens,-1.9
757,99,New Orleans Saints,+13.4,Baltimore Ravens,-13.4
758,99,Carolina Panthers,+5.2,Baltimore Ravens,-5.2
759,99,Atlanta Falcons,+2.0,Baltimore Ravens,-2.0
760,99,Kansas City Chiefs,+7.7,Baltimore Ravens,-7.7
761,99,Los Angeles Chargers,+6.3,Baltimore Ravens,-6.3
762,99,Denver Broncos,+6.3,Baltimore Ravens,-6.3
763,99,Las Vegas Raiders,+9.2,Baltimore Ravens,-9.2
764,99,Buffalo Bills,+2.7,Baltimore Ravens,-2.7
765,99,Miami Dolphins,+6.0,Baltimore Ravens,-6.0
766,99,New England Patriots,+3.8,Baltimore Ravens,-3.8
767,99,New York Jets,+13.3,Baltimore Ravens,-13.3
768,99,Cincinnati Bengals,+2.6,Baltimore Ravens,-2.6
769,99,Cleveland Browns,+13.2,Baltimore Ravens,-13.2
770,99,Pittsburgh Steelers,+6.3,Baltimore Ravens,-6.3
771,99,Tennessee Titans,+14.0,Baltimore Ravens,-14.0
772,99,Indianapolis Colts,+11.5,Baltimore Ravens,-11.5
773,99,Jacksonville Jaguars,+13.3,Baltimore Ravens,-13.3
774,99,Houston Texans,+10.9,Baltimore Ravens,-10.9
775,99,Detroit Lions,-6.1,Cincinnati Bengals,+6.1
776,99,Chicago Bears,+10.2,Cincinnati Bengals,-10.2
777,99,Minnesota Vikings,-2.3,Cincinnati Bengals,+2.3
778,99,Green Bay Packers,-1.7,Cincinnati Bengals,+1.7
779,99,New York Giants,+11.9,Cincinnati Bengals,-11.9
780,99,Philadelphia Eagles,+3.5,Cincinnati Bengals,-3.5
781,99,Dallas Cowboys,+7.4,Cincinnati Bengals,-7.4
782,99,Washington Commanders,-1.8,Cincinnati Bengals,+1.8
783,99,San Francisco 49ers,-7.6,Cincinnati Bengals,+7.6
784,99,Seattle Seahawks,-5.9,Cincinnati Bengals,+5.9
785,99,Los Angeles Rams,+1.9,Cincinnati Bengals,-1.9
786,99,Arizona Cardinals,-0.6,Cincinnati Bengals,+0.6
787,99,Tampa Bay Buccaneers,-4.7,Cincinnati Bengals,+4.7
788,99,New Orleans Saints,+10.4,Cincinnati Bengals,-10.4
789,99,Carolina Panthers,+9.5,Cincinnati Bengals,-9.5
790,99,Atlanta Falcons,-3.3,Cincinnati Bengals,+3.3
791,99,Kansas City Chiefs,-3.1,Cincinnati Bengals,+3.1
792,99,Los Angeles Chargers,+3.2,Cincinnati Bengals,-3.2
793,99,Denver Broncos,+0.2,Cincinnati Bengals,-0.2
794,99,Las Vegas Raiders,+3.4,Cincinnati Bengals,-3.4
795,99,Buffalo Bills,-1.5,Cincinnati Bengals,+1.5
796,99,Miami Dolphins,-3.2,Cincinnati Bengals,+3.2
797,99,New England Patriots,+9.7,Cincinnati Bengals,-9.7
798,99,New York Jets,+10.9,Cincinnati Bengals,-10.9
799,99,Baltimore Ravens,-1.2,Cincinnati Bengals,+1.2
800,99,Cleveland Browns,+8.2,Cincinnati Bengals,-8.2
801,99,Pittsburgh Steelers,+4.9,Cincinnati Bengals,-4.9
802,99,Tennessee Titans,+9.1,Cincinnati Bengals,-9.1
803,99,Indianapolis Colts,+7.9,Cincinnati Bengals,-7.9
804,99,Jacksonville Jaguars,+7.0,Cincinnati Bengals,-7.0
805,99,Houston Texans,+6.9,Cincinnati Bengals,-6.9
806,99,Detroit Lions,-4.9,Cleveland Browns,+4.9
807,99,Chicago Bears,+11.0,Cleveland Browns,-11.0
808,99,Minnesota Vikings,-4.7,Cleveland Browns,+4.7
809,99,Green Bay Packers,-2.3,Cleveland Browns,+2.3
810,99,New York Giants,+4.2,Cleveland Browns,-4.2
811,99,Philadelphia Eagles,-2.8,Cleveland Browns,+2.8
812,99,Dallas Cowboys,+10.6,Cleveland Browns,-10.6
813,99,Washington Commanders,+4.6,Cleveland Browns,-4.6
814,99,San Francisco 49ers,+7.9,Cleveland Browns,-7.9
815,99,Seattle Seahawks,+4.7,Cleveland Browns,-4.7
816,99,Los Angeles Rams,+5.7,Cleveland Browns,-5.7
817,99,Arizona Cardinals,+8.7,Cleveland Browns,-8.7
818,99,Tampa Bay Buccaneers,-2.3,Cleveland Browns,+2.3
819,99,New Orleans Saints,+8.7,Cleveland Browns,-8.7
820,99,Carolina Panthers,+6.0,Cleveland Browns,-6.0
821,99,Atlanta Falcons,+5.2,Cleveland Browns,-5.2
822,99,Kansas City Chiefs,-3.4,Cleveland Browns,+3.4
823,99,Los Angeles Chargers,-1.8,Cleveland Browns,+1.8
824,99,Denver Broncos,-2.0,Cleveland Browns,+2.0
825,99,Las Vegas Raiders,+7.4,Cleveland Browns,-7.4
826,99,Buffalo Bills,-8.8,Cleveland Browns,+8.8
827,99,Miami Dolphins,+4.7,Cleveland Browns,-4.7
828,99,New England Patriots,+8.7,Cleveland Browns,-8.7
829,99,New York Jets,+8.6,Cleveland Browns,-8.6
830,99,Baltimore Ravens,-1.6,Cleveland Browns,+1.6
831,99,Cincinnati Bengals,+0.7,Cleveland Browns,-0.7
832,99,Pittsburgh Steelers,+1.9,Cleveland Browns,-1.9
833,99,Tennessee Titans,+8.1,Cleveland Browns,-8.1
834,99,Indianapolis Colts,+3.5,Cleveland Browns,-3.5
835,99,Jacksonville Jaguars,+13.0,Cleveland Browns,-13.0
836,99,Houston Texans,+4.7,Cleveland Browns,-4.7
837,99,Detroit Lions,-8.9,Pittsburgh Steelers,+8.9
838,99,Chicago Bears,+11.3,Pittsburgh Steelers,-11.3
839,99,Minnesota Vikings,-5.2,Pittsburgh Steelers,+5.2
840,99,Green Bay Packers,-7.4,Pittsburgh Steelers,+7.4
841,99,New York Giants,+9.7,Pittsburgh Steelers,-9.7
842,99,Philadelphia Eagles,-0.0,Pittsburgh Steelers,+0.0
843,99,Dallas Cowboys,+6.9,Pittsburgh Steelers,-6.9
844,99,Washington Commanders,+0.8,Pittsburgh Steelers,-0.8
845,99,San Francisco 49ers,-5.9,Pittsburgh Steelers,+5.9
846,99,Seattle Seahawks,+6.5,Pittsburgh Steelers,-6.5
847,99,Los Angeles Rams,+1.2,Pittsburgh Steelers,-1.2
848,99,Arizona Cardinals,+2.2,Pittsburgh Steelers,-2.2
849,99,Tampa Bay Buccaneers,-9.0,Pittsburgh Steelers,+9.0
850,99,New Orleans Saints,+8.8,Pittsburgh Steelers,-8.8
851,99,Carolina Panthers,+8.2,Pittsburgh Steelers,-8.2
852,99,Atlanta Falcons,+1.2,Pittsburgh Steelers,-1.2
853,99,Kansas City Chiefs,+0.7,Pittsburgh Steelers,-0.7
854,99,Los Angeles Chargers,+7.2,Pittsburgh Steelers,-7.2
855,99,Denver Broncos,-1.4,Pittsburgh Steelers,+1.4
856,99,Las Vegas Raiders,+10.7,Pittsburgh Steelers,-10.7
857,99,Buffalo Bills,-3.8,Pittsburgh Steelers,+3.8
858,99,Miami Dolphins,+0.8,Pittsburgh Steelers,-0.8
859,99,New England Patriots,+11.1,Pittsburgh Steelers,-11.1
860,99,New York Jets,+10.7,Pittsburgh Steelers,-10.7
861,99,Baltimore Ravens,-5.6,Pittsburgh Steelers,+5.6
862,99,Cincinnati Bengals,+1.6,Pittsburgh Steelers,-1.6
863,99,Cleveland Browns,+5.9,Pittsburgh Steelers,-5.9
864,99,Tennessee Titans,+7.8,Pittsburgh Steelers,-7.8
865,99,Indianapolis Colts,+2.2,Pittsburgh Steelers,-2.2
866,99,Jacksonville Jaguars,+11.7,Pittsburgh Steelers,-11.7
867,99,Houston Texans,+6.0,Pittsburgh Steelers,-6.0
868,99,Detroit Lions,-5.7,Tennessee Titans,+5.7
869,99,Chicago Bears,+8.3,Tennessee Titans,-8.3
870,99,Minnesota Vikings,-9.5,Tennessee Titans,+9.5
871,99,Green Bay Packers,-5.3,Tennessee Titans,+5.3
872,99,New York Giants,+7.0,Tennessee Titans,-7.0
873,99,Philadelphia Eagles,+1.4,Tennessee Titans,-1.4
874,99,Dallas Cowboys,-3.6,Tennessee Titans,+3.6
875,99,Washington Commanders,-1.0,Tennessee Titans,+1.0
876,99,San Francisco 49ers,-7.6,Tennessee Titans,+7.6
877,99,Seattle Seahawks,+3.6,Tennessee Titans,-3.6
878,99,Los Angeles Rams,+3.1,Tennessee Titans,-3.1
879,99,Arizona Cardinals,-7.3,Tennessee Titans,+7.3
880,99,Tampa Bay Buccaneers,-3.9,Tennessee Titans,+3.9
881,99,New Orleans Saints,+8.9,Tennessee Titans,-8.9
882,99,Carolina Panthers,-0.0,Tennessee Titans,+0.0
883,99,Atlanta Falcons,-8.2,Tennessee Titans,+8.2
884,99,Kansas City Chiefs,-1.8,Tennessee Titans,+1.8
885,99,Los Angeles Chargers,-1.8,Tennessee Titans,+1.8
886,99,Denver Broncos,-1.8,Tennessee Titans,+1.8
887,99,Las Vegas Raiders,+6.6,Tennessee Titans,-6.6
888,99,Buffalo Bills,-7.9,Tennessee Titans,+7.9
889,99,Miami Dolphins,-4.6,Tennessee Titans,+4.6
890,99,New England Patriots,+5.9,Tennessee Titans,-5.9
891,99,New York Jets,+3.6,Tennessee Titans,-3.6
892,99,Baltimore Ravens,-5.5,Tennessee Titans,+5.5
893,99,Cincinnati Bengals,-10.6,Tennessee Titans,+10.6
894,99,Cleveland Browns,+6.7,Tennessee Titans,-6.7
895,99,Pittsburgh Steelers,-5.5,Tennessee Titans,+5.5
896,99,Indianapolis Colts,+1.9,Tennessee Titans,-1.9
897,99,Jacksonville Jaguars,-5.6,Tennessee Titans,+5.6
898,99,Houston Texans,+5.8,Tennessee Titans,-5.8
899,99,Detroit Lions,-8.8,Indianapolis Colts,+8.8
900,99,Chicago Bears,+10.3,Indianapolis Colts,-10.3
901,99,Minnesota Vikings,-6.1,Indianapolis Colts,+6.1
902,99,Green Bay Packers,-4.6,Indianapolis Colts,+4.6
903,99,New York Giants,+8.6,Indianapolis Colts,-8.6
904,99,Philadelphia Eagles,-0.7,Indianapolis Colts,+0.7
905,99,Dallas Cowboys,+3.5,Indianapolis Colts,-3.5
906,99,Washington Commanders,-0.1,Indianapolis Colts,+0.1
907,99,San Francisco 49ers,-0.7,Indianapolis Colts,+0.7
908,99,Seattle Seahawks,+1.1,Indianapolis Colts,-1.1
909,99,Los Angeles Rams,+7.6,Indianapolis Colts,-7.6
910,99,Arizona Cardinals,+6.4,Indianapolis Colts,-6.4
911,99,Tampa Bay Buccaneers,-8.9,Indianapolis Colts,+8.9
912,99,New Orleans Saints,+9.5,Indianapolis Colts,-9.5
913,99,Carolina Panthers,+3.3,Indianapolis Colts,-3.3
914,99,Atlanta Falcons,+7.6,Indianapolis Colts,-7.6
915,99,Kansas City Chiefs,+0.0,Indianapolis Colts,-0.0
916,99,Los Angeles Chargers,+1.2,Indianapolis Colts,-1.2
917,99,Denver Broncos,+0.0,Indianapolis Colts,-0.0
918,99,Las Vegas Raiders,+10.5,Indianapolis Colts,-10.5
919,99,Buffalo Bills,-4.6,Indianapolis Colts,+4.6
920,99,Miami Dolphins,+5.4,Indianapolis Colts,-5.4
921,99,New England Patriots,+11.0,Indianapolis Colts,-11.0
922,99,New York Jets,+7.1,Indianapolis Colts,-7.1
923,99,Baltimore Ravens,-6.7,Indianapolis Colts,+6.7
924,99,Cincinnati Bengals,+0.6,Indianapolis Colts,-0.6
925,99,Cleveland Browns,+11.2,Indianapolis Colts,-11.2
926,99,Pittsburgh Steelers,+9.6,Indianapolis Colts,-9.6
927,99,Tennessee Titans,+4.2,Indianapolis Colts,-4.2
928,99,Jacksonville Jaguars,+13.5,Indianapolis Colts,-13.5
929,99,Houston Texans,+5.4,Indianapolis Colts,-5.4
930,99,Detroit Lions,-0.5,Jacksonville Jaguars,+0.5
931,99,Chicago Bears,+8.1,Jacksonville Jaguars,-8.1
932,99,Minnesota Vikings,-7.8,Jacksonville Jaguars,+7.8
933,99,Green Bay Packers,-0.6,Jacksonville Jaguars,+0.6
934,99,New York Giants,+8.9,Jacksonville Jaguars,-8.9
935,99,Philadelphia Eagles,-6.5,Jacksonville Jaguars,+6.5
936,99,Dallas Cowboys,+8.5,Jacksonville Jaguars,-8.5
937,99,Washington Commanders,+4.9,Jacksonville Jaguars,-4.9
938,99,San Francisco 49ers,+5.2,Jacksonville Jaguars,-5.2
939,99,Seattle Seahawks,-1.9,Jacksonville Jaguars,+1.9
940,99,Los Angeles Rams,+2.3,Jacksonville Jaguars,-2.3
941,99,Arizona Cardinals,+4.2,Jacksonville Jaguars,-4.2
942,99,Tampa Bay Buccaneers,+0.5,Jacksonville Jaguars,-0.5
943,99,New Orleans Saints,+12.2,Jacksonville Jaguars,-12.2
944,99,Carolina Panthers,+6.7,Jacksonville Jaguars,-6.7
945,99,Atlanta Falcons,+2.5,Jacksonville Jaguars,-2.5
946,99,Kansas City Chiefs,-4.2,Jacksonville Jaguars,+4.2
947,99,Los Angeles Chargers,+0.0,Jacksonville Jaguars,-0.0
948,99,Denver Broncos,+0.1,Jacksonville Jaguars,-0.1
949,99,Las Vegas Raiders,+9.6,Jacksonville Jaguars,-9.6
950,99,Buffalo Bills,-4.0,Jacksonville Jaguars,+4.0
951,99,Miami Dolphins,+2.7,Jacksonville Jaguars,-2.7
952,99,New England Patriots,+11.1,Jacksonville Jaguars,-11.1
953,99,New York Jets,+5.6,Jacksonville Jaguars,-5.6
954,99,Baltimore Ravens,+1.6,Jacksonville Jaguars,-1.6
955,99,Cincinnati Bengals,-2.8,Jacksonville Jaguars,+2.8
956,99,Cleveland Browns,+10.6,Jacksonville Jaguars,-10.6
957,99,Pittsburgh Steelers,+8.3,Jacksonville Jaguars,-8.3
958,99,Tennessee Titans,+5.2,Jacksonville Jaguars,-5.2
959,99,Indianapolis Colts,+5.0,Jacksonville Jaguars,-5.0
960,99,Houston Texans,+4.8,Jacksonville Jaguars,-4.8
961,99,Detroit Lions,-10.2,Houston Texans,+10.2
962,99,Chicago Bears,+13.1,Houston Texans,-13.1
963,99,Minnesota Vikings,-5.2,Houston Texans,+5.2
964,99,Green Bay Packers,-7.7,Houston Texans,+7.7
965,99,New York Giants,+11.1,Houston Texans,-11.1
966,99,Philadelphia Eagles,-4.6,Houston Texans,+4.6
967,99,Dallas Cowboys,+4.8,Houston Texans,-4.8
968,99,Washington Commanders,-5.3,Houston Texans,+5.3
969,99,San Francisco 49ers,+0.7,Houston Texans,-0.7
970,99,Seattle Seahawks,-3.7,Houston Texans,+3.7
971,99,Los Angeles Rams,+0.4,Houston Texans,-0.4
972,99,Arizona Cardinals,+4.5,Houston Texans,-4.5
973,99,Tampa Bay Buccaneers,-7.6,Houston Texans,+7.6
974,99,New Orleans Saints,+11.8,Houston Texans,-11.8
975,99,Carolina Panthers,+3.7,Houston Texans,-3.7
976,99,Atlanta Falcons,+2.6,Houston Texans,-2.6
977,99,Kansas City Chiefs,-5.0,Houston Texans,+5.0
978,99,Los Angeles Chargers,-2.3,Houston Texans,+2.3
979,99,Denver Broncos,+2.0,Houston Texans,-2.0
980,99,Las Vegas Raiders,+8.7,Houston Texans,-8.7
981,99,Buffalo Bills,-4.6,Houston Texans,+4.6
982,99,Miami Dolphins,+2.7,Houston Texans,-2.7
983,99,New England Patriots,+10.8,Houston Texans,-10.8
984,99,New York Jets,+1.1,Houston Texans,-1.1
985,99,Baltimore Ravens,-6.8,Houston Texans,+6.8
986,99,Cincinnati Bengals,-4.9,Houston Texans,+4.9
987,99,Cleveland Browns,+12.6,Houston Texans,-12.6
988,99,Pittsburgh Steelers,+5.1,Houston Texans,-5.1
989,99,Tennessee Titans,+6.0,Houston Texans,-6.0
990,99,Indianapolis Colts,+10.0,Houston Texans,-10.0
991,99,Jacksonville Jaguars,+9.7,Houston Texans,-9.7
